symbol,marketcap
,
btc,942542420868.065
eth,259669132297.44815
bnb,76050892938.45325
usdt,
eth,49431543948.32559
xrp,48582089433.395775
doge,36684526413.29074
ada,35769868209.98664
dot,27819761578.060814
uni,
eth,16173873652.856789
ltc,15351512341.730791
bch,14722104256.165161
link,
eth,13359644607.127386
vet,11557770007.693361
sol,11493128995.621664
usdc,
eth,11242236620.148928
xlm,9962672130.938843
fil,9144212416.32383
theta,8893124882.74999
wbtc,
eth,7926035300.197767
trx,7600424953.628217
xmr,7084484421.7829075
busd,
bnb,6977529282.1256075
luna,6044367725.993327
neo,5808228602.49055
klay,5066968053.692081
eos,4961801346.452042
miota,4817593049.969236
cake,
bnb,4545092520.561595
btt,
trx,4482867272.133325
bsv,4450458028.837175
ftt,
bnb,4340216167.789201
cro,
eth,4248782814.064813
mkr,
eth,4091173881.2569385
aave,
eth,4076983270.743866
atom,3955048344.5874186
dai,
eth,3600737484.4852185
xtz,3529208194.8800898
etc,3499815620.5802226
algo,3246169586.7716985
ht,
eth,3198887412.7880964
comp,
eth,2875864858.4016666
avax,2879511435.6787243
btcb,
bnb,2748755639.056612
rune,
bnb,2699623261.6696544
dash,2646328348.799377
ksm,2625111340.5844746
egld,2606867441.822587
xem,2506300331.095962
zec,2431956200.0435915
dcr,2417131215.308657
leo,
eth,2254820546.096352
chz,
eth,2235612655.9458895
hot,
eth,2104504180.0162039
hbar,2054195166.9119608
stx,2012982918.9190679
matic,
eth,1969961703.9135323
ust,1861452686.5635366
nexo,
bnb,1854985435.6863322
mana,
eth,1778696682.95269
enj,
eth,1728447576.3044682
zil,1639034563.3514462
dgb,1605572716.221267
near,1603540439.3778627
snx,
eth,1592441911.6757467
grt,
eth,1586825865.008663
bat,
eth,1581549257.9384122
sc,1533866412.6827934
cel,
eth,1473943761.8100839
yfi,
eth,1468447754.8415713
waves,1417016384.6727843
btg,1405524411.2203548
sushi,
eth,1383717323.6090896
tfuel,1286299354.256782
uma,
eth,1258827005.8405185
qtum,1202151126.4246309
celo,1198465474.4680312
zen,1176732869.88272
rvn,1165085484.9451478
ont,1126044114.638744
rev,
eth,1098597292.6378736
zrx,
eth,1068377099.8154606
bnt,
eth,1060780919.8876417
chsb,
eth,1057617686.56963
hnt,1053083800.6769421
icx,1024932673.2165278
okb,
eth,1006284428.9411933
nano,983786589.9893711
one,957089507.7435207
rsr,
eth,941359205.6025392
flow,923352544.245719
pax,
eth,909204839.1744329
ankr,
bnb,904201213.4028417
omg,885598606.7219275
kcs,
eth,876082794.2230295
ar,831169018.2040436
iost,783795861.0045556
ren,
eth,764335282.6500789
ftm,743882081.6075622
wrx,
bnb,730714835.7726903
dent,
eth,713387546.0965511
cfx,703067552.7331232
husd,
eth,700324857.5418199
btmx,
eth,697097069.0605229
xvg,689196074.0780214
vgx,
eth,674243727.2911686
crv,
eth,668554124.1937732
renbtc,
eth,635703378.9581044
1inch,
eth,630917811.3730808
lpt,595858465.575585
xvs,
bnb,594375602.4831321
lrc,
eth,545191223.6406903
vtho,547341391.8570253
mco,
eth,518545718.57018155
ckb,520146026.45756215
mdx,504843471.582379
knc,
eth,501704703.1727855
storj,
eth,499549541.6600607
btcst,
bnb,497646757.4420728
lsk,489627182.49285406
snt,
eth,477346750.63756096
ocean,
eth,461482723.02394485
qnt,
eth,450213950.0320077
zks,
eth,439531754.7954255
ogn,
eth,423549748.7228085
maid,400709375.3917189
ewt,396153161.8611032
bcd,370365697.53278744
win,
trx,361694720.2960113
reef,
eth,354856778.7163568
stmx,
eth,352136456.78865063
glm,
eth,343742562.34936
iotx,337061139.1521123
nkn,331360997.87758607
bal,
eth,327291963.6223324
rep,
eth,325970412.79282606
tusd,
bnb,320803350.503664
srm,311449033.6451225
woo,
eth,311398285.154749
swap,
eth,309988504.6760727
ant,
eth,305883730.5403264
dodo,
eth,305130992.7640018
skl,
eth,303419230.16017616
ardr,303016822.0542443
alpha,
bnb,303131689.7712222
fun,
eth,301802361.59180164
tel,
eth,299773935.48184323
sand,
eth,290373447.76496893
cvc,
eth,287589134.12236494
band,
eth,285011839.23214287
fet,
eth,286796919.78296345
vlx,284198400.96010375
steem,283586968.34426874
nmr,
eth,281568174.24233675
med,276987701.40632516
kin,274898667.5711639
agi,
eth,272421138.35051143
sxp,
eth,269122886.55417526
xhv,268432600.99957666
gno,
eth,262036532.55890015
bts,261136422.39462203
waxp,258545716.60942504
kmd,257505502.81178522
inj,
eth,258117237.2189995
kava,
bnb,252566656.56339955
ubt,
eth,251045402.86543974
usdn,
eth,249744510.5720849
orbs,
eth,246662093.01180187
celr,
eth,239036052.9257121
jst,
trx,237796813.7944776
ampl,
eth,237355633.7875734
uqc,
eth,232297040.8587516
rdd,247031570.27945015
btm,231253692.94866657
gt,
eth,230539041.23828712
noia,
eth,230168677.3254949
badger,
eth,217251933.43446076
cvt,
eth,214235024.61490068
wan,214349394.9547101
mtl,
eth,214953391.491467
ark,205040771.438138
vai,
bnb,202581551.91877568
ppt,
eth,201776740.1102847
rose,200684263.59447002
abbc,198287173.38116163
oxt,
eth,198499453.944151
zb,
eth,198631842.60908234
rif,196442142.61387435
hns,195955693.3543576
strax,196460117.19669625
poly,
eth,194563055.09689128
ong,191016567.15869057
ava,
bnb,189607228.12138435
coti,186119026.48100498
trac,
eth,184460667.0197341
mln,
eth,178449966.36695743
sys,181755078.70649108
iq,
eos,181667181.22437808
scrt,181503610.8893318
meta,181474152.24099645
elf,
eth,178660738.36395827
ctc,3138290165.629763
wbnb,
bnb,3059062936.3088613
hex,
eth,2692934754.4832554
arrr,2038755904.688226
ccxx,1813346239.5012152
fei,
eth,1735226115.1645167
hbtc,
eth,1405119630.7927234
dfi,1329984520.6984618
brg,
trx,1266802446.9052567
xwc,1185517482.005916
best,
eth,1109491925.4331324
xdc,1023862444.6739486
orc,
eth,971632294.046586
omi,927269358.1095126
vbnb,
bnb,844012425.7280267
ttt,
eth,832572939.2547917
ino,
eth,833141569.1021175
thr,829582812.9876008
pundix,
eth,652645798.3233185
steth,
eth,559422650.2016209
nxm,
eth,548210101.7337596
bcha,512809147.52477616
mir,
eth,502689261.48224974
amp,
eth,456980569.37042224
hedg,
eth,414402606.74502546
ksp,393436230.9401
etn,389898518.6577995
xin,383611222.54076
botx,
eth,378321314.299
zlw,
eth,362118882.0995494
tribe,
eth,347698805.22118914
lotto,
eth,343590882.49146
dawn,
eth,339328661.6647667
ray,
sol,339102145.8097912
solo,336888233.1496329
mtx,
eth,321417605.03653735
rfox,
eth,311006868.42629033
axs,
eth,293408638.2414583
anc,276580093.87829006
vxvs,
bnb,277693551.1359642
akt,274267732.4283561
lina,
eth,271163630.2771741
mvl,
eth,267870354.89110532
tko,
bnb,244144475.7749116
tlm,
eth,232914327.0540274
orn,
eth,231067026.8699849
keep,
eth,227732196.33145508
math,
eth,223894701.99055988
nwc,
eth,223401124.83265424
audio,
eth,220889384.3425392
klv,
trx,219334265.0288258
bake,
bnb,218118602.4923957
hnc,214358708.0270641
vbtc,
bnb,207958471.1665253
sfp,203030512.5164083
gny,
eth,202105764.55498317
htr,199991273.90059766
kai,
eth,194928281.1143641
bora,188220218.78730515
utk,
eth,175937830.04767498
hive,176266312.08270675
bunny,
bnb,172299613.62320793
troy,
bnb,169322260.5917964
cru,167185190.54721177
drs,
eth,167131824.5802824
rpl,
eth,164091395.5004806
super,
eth,164155182.094915
maro,163560407.2985762
xor,
eth,164119499.65650594
prq,
eth,163458438.52417564
nu,
eth,163400043.2260036
qkc,
eth,165029792.4634363
atri,
eth,159611871.13422465
mwc,158189071.7959972
fx,
eth,157766949.18759775
paid,
eth,157536794.2461073
tomo,156364922.61351052
pols,
eth,155740702.6447516
dnt,
eth,154330477.074288
rlc,
eth,154316286.2262675
nrv,
bnb,152025995.2742327
powr,
eth,150537415.1070828
dka,
eth,149915851.43222138
rev,149526220.95545772
free,
eth,144762166.52866948
gala,
eth,144578944.87293857
ctsi,
eth,147699758.8009805
sun,146736982.09490246
susd,
eth,145133521.65869257
bcn,145462821.44716448
pac,144243753.41205302
forth,
eth,142715984.71519634
alice,
eth,142361336.04194924
eps,
bnb,141624649.8232463
tshp,
eth,141807669.50488403
dao,
eth,140688517.83243778
nye,140017637.82152873
mona,140207339.5556681
twt,
bnb,139123649.48409656
blct,
eth,138477668.98293358
att,
eth,136943605.09340927
eum,
eth,138334141.4872673
xcm,
eth,137780356.39444163
perp,
eth,137699033.85429394
edg,137788741.68477795
ddx,136470890.97443074
lyxe,
eth,136646948.432529
mft,
eth,136130271.10009998
rgt,
eth,135597285.9442673
oxy,
eth,135190464.93449646
lit,
eth,134103100.1331012
uos,
eth,133002789.51661223
vrsc,131884006.11575536
sapp,129744522.67005183
rndr,
eth,129548335.20850767
ela,129457642.03849302
adx,
eth,127686881.16926026
dia,
eth,129471981.12474312
gusd,
eth,125430316.42601648
bnana,
eth,125166446.49492982
sfi,
eth,124676531.36697915
pha,124060467.02052413
aion,124383437.78087597
wnxm,
eth,123403742.55775037
shr,
bnb,123101478.46903488
nrg,122163004.3625107
titan,
eth,122607465.03510064
mask,
eth,121791684.75909913
gas,
neo,120838148.46730171
apl,120122574.2847691
iris,120669230.25236966
grn,120386422.68511888
kda,119630365.80333398
divi,118741936.04720652
cre,
eth,117404649.7916632
frax,
eth,116375273.2081873
bzrx,
eth,115527066.21493417
ramp,
eth,115761294.11909123
hxro,
eth,118469717.84600356
loom,
eth,114940098.47606
lon,
eth,114199821.05501828
mlk,111463959.59599997
tt,112452323.85058957
wozx,
eth,111850565.89556736
spi,
eth,111667476.57148692
bar,
chz,111345429.464041
lto,111378541.65061192
mrph,
eth,110018384.18676637
req,
eth,109121315.80372539
firo,108661426.72112945
mxc,
eth,107761224.15497386
paxg,
eth,107861207.7494731
ern,
eth,107763970.77828012
mx,
eth,107153248.5063956
akro,
eth,107123582.37404257
oxen,107135287.80254549
vsp,
eth,106170308.31914099
csc,105671942.90913177
hoge,
eth,102482892.24920028
pib,
eth,104543718.49069592
albt,
eth,104302043.23842417
chr,
eth,104392478.11809084
farm,
eth,103544016.28419067
whale,
eth,103520631.8437514
xnc,103513379.03791262
rly,
eth,103352675.20840111
flm,
neo,103356429.126288
data,
eth,103004336.7183544
sure,
eth,102319329.98833548
vra,102258357.63564508
xlt,102181143.82216156
dx,
eth,101771993.87686127
trb,
eth,101563680.6923663
lamb,
bnb,100311457.34374444
vtc,99222203.66704985
bifi,
bnb,98020628.78180526
bscpad,
bnb,98103593.54295552
bel,
eth,98152626.25180939
bond,
eth,97329998.56508173
vusdc,
bnb,97302125.74298163
mbn,
eth,97121462.02919637
exrd,
eth,96977064.58296157
strk,
eth,97079538.47585113
dego,
eth,95607794.90463133
beam,96609329.63564362
erg,95786649.78467712
sero,94824386.78820243
znn,94784760.40481143
pivx,94656542.74131429
eauric,
eth,94490674.08372396
pond,
eth,94753732.34828
ctk,92394512.41965479
veth,
bnb,91892987.96764572
snl,
eth,91402370.98562479
ae,91097213.29026653
wtc,
eth,90434382.00707196
stake,
eth,90319140.7706993
emc2,90661837.08423957
pnk,
eth,89841905.62419692
grs,89430302.55178264
la,
eth,88452243.40420191
amo,
eth,88924968.64025027
nuls,88198378.27066422
id,
eth,90708247.0891128
drgn,
eth,87281786.17411597
nxs,86301690.9098387
boa,
eth,86001172.54441425
pai,86130176.59663759
api3,
eth,85982435.31927946
srk,
eth,85885993.91322328
hard,85396041.94656543
maps,
eth,85689823.72899218
mbl,
bnb,84870123.49244264
ignis,84263947.07784346
blz,
eth,84113637.28151722
dsla,
eth,84133649.76732281
dag,84293010.43623045
cennz,83185183.95609601
yfii,
eth,82876684.24026994
xyo,
eth,81783285.42803733
rfr,
eth,81340899.03580613
aergo,
bnb,81752707.47736008
dusk,
bnb,82121522.27849597
arpa,
eth,81478515.49536997
wicc,81104292.7589328
dero,81026395.7218576
loc,
eth,80473559.97438788
rad,80135222.47875218
frm,
eth,79875014.59941316
vsys,79939579.6948987
slt,79374966.96527013
lbc,78567914.19499761
solve,
eth,78253295.518097
swth,
neo,77783631.39548895
esd,
eth,77402377.21473713
idex,
eth,77351464.4489145
stpt,
eth,76301664.97004421
kimchi,
eth,75431230.49817558
cos,
bnb,75039623.02049068
hpt,
eth,74829024.30103321
om,
eth,74972512.89175421
bfc,
eth,73757576.40504946
suku,
eth,73597143.16596274
jgn,
eth,72734141.92284982
mith,
bnb,72160259.63306
ctxc,71700465.2884622
pcx,71589015.76069124
edr,
eth,69791417.83062346
unfi,
bnb,71151707.26990801
mhc,71113771.40821198
hai,70946702.65279177
tvk,
eth,71755987.47171791
rari,
eth,69570287.31106432
nest,
eth,70158981.80477375
mush,
eth,70440617.94442801
mass,69250220.33319382
qc,68318581.29922728
bnk,
eth,68313058.27228136
nim,68175546.03045447
swingby,67492979.98950508
fida,67716238.38206397
phb,
neo,67615193.0701936
hc,67686827.54787138
axel,67072302.67056501
hum,
eth,66520151.95433963
qqq,
eth,66205286.68208358
asta,
eth,65527380.049710855
gxc,64788971.8121408
auction,
eth,65346582.15650547
aioz,
eth,65001677.37157104
yld,
eth,64674016.5662288
visr,
eth,64829410.763758875
basid,
eth,63772199.81752499
rbtc,63629711.314523935
belt,
bnb,63141475.23736902
front,
eth,62390033.08250095
dg,
eth,61352878.66417959
eurs,
eth,60919272.342108466
bip,60131806.1650884
aeth,
eth,60715118.08332307
fsn,59860768.3894037
kyl,
eth,60093766.59840054
xpr,
eth,59882418.26538016
vite,59166101.21610567
bdx,58741563.28168291
fio,58304954.50879797
youc,
eth,58234724.22208933
upp,
eth,57436448.06576535
bor,
eth,57407091.105375834
pxl,
eth,57602961.91318834
nftx,
eth,57405114.45998531
hegic,
eth,57286017.40419324
core,
eth,57343361.65312676
vid,
eth,56862743.86148442
revv,
eth,56841822.860171214
dext,
eth,56609666.13942063
sparta,
bnb,56639022.59227605
sky,56513385.30321041
cream,
eth,56544583.8718892
cnd,
eth,57531960.70974321
key,
eth,56164503.24482149
torn,
eth,55993640.44699182
zcn,
eth,55957409.01010351
vbusd,
bnb,55224113.65390294
bdp,
eth,54804855.76895772
wxt,54863162.07590914
nxt,54700534.185455546
sntvt,
eth,54762998.9364672
dexe,
eth,54454503.027580746
dmt,
eth,54597385.16118293
obsr,53561374.881988496
cfi,
eth,53849114.75234826
psg,53413171.04807255
grin,53234986.29399638
dock,
eth,53844552.17786368
prom,
eth,52737392.9961076
cvp,
eth,52628124.38626438
suter,
eth,52866696.65969072
wing,52457746.35244268
perl,
eth,52297823.89000393
rcn,
eth,52256340.354257844
dcn,
eth,52183027.811180264
gbyte,51652331.071420275
ult,
eth,52174213.69762523
nas,51073642.52629069
ring,
eth,50834367.79774101
get,
eth,50621420.201607525
conv,
eth,50202087.623969644
usdx,49898080.639683984
xdb,
eth,49354981.16113293
vidy,
eth,48557191.89874397
fxf,
eth,49274157.83077774
lcx,
eth,49183404.013611734
moc,
eth,48404777.25413291
helmet,
bnb,49391583.51370729
bz,
eth,48633478.81582326
erc20,
eth,48541740.60100757
rdn,
eth,48458647.03821515
zee,
eth,48053414.00490214
kp3r,
eth,47970654.914232485
ncash,
eth,48442907.17298231
gto,
bnb,47311014.543685235
fxs,
eth,47635768.1005508
appc,46866412.568641625
drep,
eth,47122859.244494066
el,
eth,46820243.36878878
octo,
eth,46632510.83607018
aoa,
eth,45910248.702279
tmtg,
eth,46318484.61142615
cusd,46158568.0970473
aria20,
eth,46187161.98553126
pro,
eth,45699253.85437262
ast,
eth,45533645.728638
kan,
eth,45327135.12648949
ddim,
eth,45214051.19105067
btu,
eth,45147325.01246945
soul,
neo,44968948.61662301
qsp,
eth,44758103.00177215
layer,
eth,44682736.43240469
qtcon,
eth,44833172.727958165
nav,44717187.610566705
burger,
bnb,43910153.240147755
baas,
eth,42959116.874465
dgd,
eth,43700982.16370323
ducato,
eth,43149004.47455861
dac,
eth,43424777.41021803
wow,43112587.20846518
krt,43062973.703833684
sbd,43143749.58278033
nebl,42856686.166057535
meme,
eth,43028739.27936028
dip,
eth,42883853.57067499
xsgd,
eth,42620796.90157155
dov,
eth,43583783.873526156
xsn,42438027.85643112
dvpn,
eth,42183499.395907335
tru,
eth,41809197.079662584
insur,
eth,42016181.42922798
peak,
eth,41774607.18911237
ghst,
eth,41415676.78905805
bot,
eth,41422380.00220018
musd,
eth,41688466.24189074
dad,
eth,41230430.15603765
trtl,41392778.50127577
go,39825345.29641938
dmch,40809796.59926904
veri,
eth,40781911.35093666
mta,
eth,40164988.27708245
nex,
neo,39609940.30655084
cet,39314098.79969372
met,
eth,38625056.2944148
cxo,
eth,38545212.141197756
bmi,
eth,38600418.45888557
mph,
eth,38228557.54239266
dora,
eth,37479655.55254856
via,38202520.024634995
aqt,37408417.76446262
ilv,
eth,37282547.69132866
mitx,
eth,37040324.28179461
mof,
eth,36760710.18722071
mtsla,
eth,36766434.70998604
miau,
eth,36720001.459336065
juld,
bnb,36577403.66134623
pnt,
eth,36083931.47240078
salt,
eth,36117607.23420295
xrt,
eth,36043455.76691032
blank,
eth,36082199.8484647
vidt,
eth,35843185.39636392
bft,
eth,35489228.12337599
aeon,34624925.13262788
wabi,
eth,34950448.00748697
zano,34947275.7972638
bmx,
eth,36142748.285210244
nsbt,
eth,34340377.20826589
mdt,
eth,34795499.71969762
mamzn,
eth,34025794.860963434
cocos,
eth,33791714.99041724
bhao,
eth,33762832.87705342
mqqq,
eth,33684367.76982616
mslv,
eth,33523324.09812393
apy,
eth,33648686.406789616
for,
eth,33408025.6458681
xprt,33248202.35280899
maapl,
eth,33216240.0720888
nmc,33288481.083358016
clo,33249261.857611276
basic,
eth,33112786.322205488
btr,
eth,32991470.438413095
xcur,
eth,32878709.16615067
qrl,32793894.334723514
vitae,32752652.762293234
temco,
eth,32757116.415294502
aleph,
eth,32732171.617049858
qash,
eth,32785229.6619155
cas,
bnb,32446924.925256047
bf,
eth,30487570.99756999
hunt,
eth,32390843.73154117
evz,
eth,32198623.336992398
glch,
eth,32404305.64642966
mmsft,
eth,32096792.57501834
mtwtr,
eth,31992996.620460484
any,31963751.261487342
mnflx,
eth,31942581.882647466
df,
eth,31850545.532601245
cut,31925223.969226193
gvt,
eth,31206986.168229144
tone,
eth,31553978.833821442
easy,
eth,31329421.906734027
hmr,
eth,31220110.522091314
fst,
eth,31578075.605231795
mark,
eth,31240762.001556896
marsh,
eth,31150438.955245163
lgcy,
eth,30900102.285364065
roobee,
eth,31233044.597460113
quick,
eth,30963914.559157044
auto,
bnb,30816890.499226704
bax,
eth,30857909.90532595
rbc,
eth,30941505.846258715
bao,
eth,30732947.715273418
soc,
eth,30395872.181679927
oly,
eth,30779254.23614413
vusdt,
bnb,30478698.751982577
map,
eth,30327947.651668314
bux,
bnb,30260793.999065515
game,
eth,30113142.362156756
mbaba,
eth,30119453.381585263
wpr,
eth,29855168.77314664
muso,
eth,30079657.211790305
zap,
eth,30109326.170308597
stax,
bnb,30003768.752251834
pdex,
eth,30076647.468214095
rkn,
eth,29956607.567362104
bondly,
eth,29764303.38295113
etp,29987827.697186615
dpr,
eth,30019088.311429247
bank,
eth,29806341.27031855
dbc,
neo,29692654.915583998
ifc,29676105.456243012
enq,29831982.046750456
mvixy,
eth,29520581.945581235
drc,
eth,29409781.998864565
ppay,
eth,29433116.266164143
xla,29336940.499713268
one,
eth,29282619.79556235
crpt,
eth,29300498.433686595
btrs,
eth,29236524.358547166
hez,
eth,29050945.36470884
tfb,
eth,29682044.20606952
tlos,
eos,28788232.942182034
ton,
eth,28639325.160251994
idv,
eth,28204054.771167673
usdk,
eth,28585393.003297094
digg,
eth,28380652.43825982
brd,
eth,28216345.2324007
cudos,
eth,28286517.537855975
pi,28110054.596502066
pre,
eth,28058360.807640467
dht,
eth,27709329.948141966
zeon,
eth,27753870.443430606
pmon,
eth,27773911.86207196
block,27414540.190969907
opium,
eth,27201050.550505415
mtv,
bnb,27470689.257470433
ichi,
eth,27219196.264320012
hit,
eth,27246457.914163202
dna,27069509.115830373
evx,
eth,26736323.77163262
polk,
eth,26929647.29539832
bhd,26709560.03063695
lym,
eth,26217090.831228007
labs,
eth,26177101.25227994
six,26026038.555983167
mci,
eth,26078271.04484966
ringx,25959224.41873022
duck,
eth,25822557.988801945
mix,
eth,25744253.151203826
ltx,
eth,25563249.06613262
ihf,
eth,25525025.558942247
orai,
eth,25493667.70858922
anw,
eth,25298401.19783742
ardx,
eth,25184888.662319273
gal,
chz,25054885.155116875
tct,
eth,25214972.30776119
vsxp,
bnb,24983613.98026047
burst,24566490.031867187
egg,
bnb,24589939.18974929
pzm,24433687.26604898
exnt,
eth,24514953.300074954
dyn,24333841.028596945
jul,
eth,24333425.837399203
snm,
eth,24299619.55112957
sha,24212715.591081146
fleta,
eth,22765244.522114158
mxx,
eth,23973457.89800435
rfuel,23790777.12389148
hzn,
bnb,23684022.480018802
fct,
eth,23604054.37017304
txl,
eth,23550384.89215611
cover,
eth,23470736.713315792
swftc,
eth,23576728.825023826
props,
eth,23384008.57672838
aga,
eth,23490142.797497004
shroom,
eth,23466555.003794707
fct,23366705.427734714
oax,
eth,23409004.991230834
top,
eth,23307550.177114267
mda,
eth,23220901.77208807
ptf,
eth,23083635.94727286
poolz,
eth,22976231.3004488
wgr,22645715.68760042
man,22611628.400668867
socks,
eth,22501671.21074211
new,
bnb,22414113.145502493
dapp,
eos,22741650.746527314
mod,
eth,22494754.813710768
wom,
eth,22213279.86953823
xdn,24641776.559104025
flux,22076833.062391073
awc,
eth,22008710.0094771
fwt,
eth,21977803.251238544
hvn,
eth,21912776.607165
armor,
eth,21902057.337468933
sylo,
eth,21852244.474166196
bepro,
eth,21570128.22373025
amlt,
eth,21812260.507882174
gmb,
eth,21771423.28510715
spc,
eth,21695750.757712875
nix,21584681.55762944
rew,
eth,21511142.0077065
kono,
eth,21627672.003392596
bmxx,
bnb,21452146.09675276
elama,
eth,21169066.065860983
ppc,21271315.37605103
cdt,
eth,21220927.304075915
ask,20985212.994115524
nlg,21580344.45394962
lgo,
eth,20724577.412685134
hpb,20541723.563919548
adk,20440380.5908195
ubq,20389148.43669026
ost,
eth,20366707.90120629
arch,
eth,20254324.195476316
juv,
chz,20197979.100607306
fis,20015363.344237495
sake,
eth,19971756.32736704
vlink,
bnb,19823750.532978624
smart,19537161.932919677
matter,
eth,19643640.46375084
mrx,19660436.565531638
abt,
eth,19432357.38975861
slice,
eth,19496100.0612272
tnb,
eth,19112593.10742714
trade,
eth,19288497.814894468
acm,19298062.71210707
infs,
eth,19275603.235344615
ruff,
eth,19158756.099934366
cws,
eth,19059709.470531233
dta,
eth,19134782.267581448
vltc,19122626.152859144
kdag,
eth,19081506.43725622
vee,
eth,18993652.206475064
doget,17461011.48258098
cmt,18845165.286352
pay,
eth,18842490.133096308
dg,
eth,18741848.62014618
cbk,
eth,18641789.508837223
biot,
eth,18623024.291661628
moon,
eth,18542778.90025969
poa,18553190.30306149
cgg,
eth,18422954.005349502
swm,
eth,18272314.551945094
san,
eth,18107640.108111326
nvt,18085650.852923833
igg,
eth,18254085.17810071
niox,
eth,18000474.19475642
egt,
eth,17926374.482330658
vib,
eth,17916236.354351357
strong,
eth,18356408.62532052
pickle,
eth,17847622.86842992
room,
eth,17902200.812300365
vnla,
eth,17677750.536800228
true,17606789.365298852
cs,17209523.048789877
uft,
eth,17464894.458232652
anj,
eth,17494823.993494846
ssx,17453339.563393924
pltc,
eth,17453575.05253568
dec,
eth,17175998.29599832
act,17226394.037224915
ban,17193163.360161092
con,
eth,17021249.343529552
dlt,
eth,17061877.052763443
scc,
neo,16967476.18464731
try,
eth,16912826.309350036
emrx,
eth,16938607.378390197
ach,16967657.56457662
geo,
eth,16811859.685867324
nyzo,16795065.77524793
oce,16549046.76147737
foam,
eth,16735407.404372193
pma,
eth,17250404.240710106
blink,
bnb,16385990.20846339
vnt,
eth,16525114.864001408
yusra,16439166.791044705
yf,
eth,16523692.123843204
razor,
eth,15765314.629804824
Ï„btc,
bnb,16174132.837335592
k21,
eth,16194448.513222573
iqn,
eth,16056834.95451682
oddz,
eth,15932156.248124301
like,15907442.008410906
senso,
eth,15819870.82432947
efx,
eos,15787540.994456306
html,15525926.294199139
hy,
eth,15703923.780658508
pcl,
eth,15633172.489868216
plc,15589523.142612439
ocn,
eth,15578636.410079999
kick,
eth,15364597.672860513
qlc,
neo,15343883.437168801
euno,15436164.603056394
usdj,
trx,15302592.110300878
biki,
eth,15320544.956651699
ktn,
eth,15208505.394643972
mth,
eth,15180812.766067393
card,
eth,15130195.026168626
swrv,
eth,15135089.025897393
s4f,
eth,15033059.306286208
tidal,
eth,14672678.893679477
apix,
eth,14677034.304414602
mthd,
eth,14690824.836594012
pkf,
eth,14662365.377730863
cv,
eth,14493342.3168922
push,
eth,14494826.542039888
eosc,14466893.784003528
ipx,14246088.844241066
qcx,
eth,14398840.502793808
hakka,
eth,14291178.53275013
mds,
eth,14256985.99467858
fol,
eth,14158769.584805883
mobi,14692228.285787664
tnc,
eth,14045219.393277692
white,
eth,13979470.933728777
opct,
eth,14048777.043146534
npxsxem,
bnb,14057032.686868804
west,13759804.860768158
nfy,
eth,13926625.911899516
clbk,
eth,13831923.999053622
hget,
eth,13797454.68384368
hot,
eth,13831085.87702244
bac,
eth,13675231.658485295
tkn,
eth,13663765.315240053
uncx,
eth,13589671.790789904
snb,
eth,13570918.225384999
caj,
eth,13521574.407049935
yoyow,13435642.850295616
bird,
eth,13575592.474797836
kat,
eth,13364146.711935597
xmy,13439781.29270536
umx,
eth,13484084.534294197
mint,
eth,13317676.216912169
fnb,
eth,13400832.458940124
xpx,13404375.598156806
route,
eth,13261920.443388354
muse,
eth,13391153.08995067
idle,
eth,13346383.925422348
gap,
eth,13239762.6779415
watch,
bnb,13243978.646127347
fnx,
eth,13220673.499456935
xsr,
eth,13163960.15151154
ghost,12505580.168685747
bhp,13147096.082093535
apys,
eth,13118653.455790121
par,
eth,13050700.446202826
plr,
eth,12998795.770180302
nct,
eth,12944939.90491912
gxt,
eth,12883301.134235725
yfl,
eth,12721559.205240628
cntr,12785208.15316703
abyss,
eth,12706412.08315535
bix,
eth,12678924.64734407
uip,
eth,12523034.263327783
tera,11921071.355577102
xend,
eth,12411355.12944187
unistake,
eth,12410518.892681552
dgtx,
eth,12390261.803872
yop,
eth,12388777.05500322
fic,12363589.715875797
sngls,
eth,12699539.888904
mfg,
eth,12360886.987331636
dos,
eth,12249973.452674434
deri,
eth,11744457.924923588
gnx,
eth,12157682.93465525
chi,12127162.34374993
trv,
eth,12087688.754269099
bps,12135765.061267482
btc2,12035010.47650482
dvp,
eth,11929539.392363539
bry,
bnb,11911604.46922712
slp,
eth,11885703.247782558
auc,
eth,11910756.184143493
tky,
neo,11899809.49335143
udoo,
eth,11905742.703440607
val,11779085.299416998
itc,
eth,11777954.324886449
depay,
eth,11671754.191949414
raze,
eth,11651091.058651363
ftc,11664283.550352132
part,11611344.475510381
dafi,
eth,11584004.375898773
bwf,
eth,11585960.183699945
valor,
eth,11489973.992436264
bolt,
eth,11224703.769256681
fo,11334983.269485429
goc,11334611.142513141
credit,11314980.754382273
gen,
eth,11594618.828622889
umb,
eth,11290159.611099955
btse,
eth,11249992.210736029
pcm,
eth,11242592.460785385
fuse,
eth,11217259.660281753
dvc,
eth,11195576.216105811
coval,
eth,11161065.61358
job,
eth,11161872.507346215
em,
eth,11097605.763561696
isr,
eth,11064058.75117719
rook,
eth,11081189.655862955
xio,
bnb,10992298.072353998
emc,11052789.64305271
rio,
eth,11107531.032263724
ten,
eth,11010352.716646
wiken,
eth,11045093.382146813
gs,
eth,11022401.370138835
pcnt,
eth,10997080.57778329
krl,
eth,10958639.614862561
ame,
eth,10955682.2107425
xcash,10981054.194700591
prt,
eth,10879509.247362567
scc,10515104.923997931
mwat,
eth,10746081.67251
egg,
eth,10699229.02180336
flo,10857902.843780559
tau,10633321.00169683
amb,10182250.533578893
myst,
eth,10616163.72281339
urqa,
eth,10659169.66720187
geeq,
eth,10466243.32419014
mtrg,10480368.134109767
apm,
eth,10560488.027444344
xmc,10448017.881385043
time,
eth,10476622.430367526
wings,
eth,10532383.716347205
cov,
eth,10427968.83819096
srn,
eth,10198962.12848298
flg,10404021.708619816
zyn,10368281.451350179
gswap,
eth,10387230.941220403
tips,10333206.24453791
og,10367903.57143598
cvr,
eth,10318418.522465661
etho,10310854.445158282
anct,
eth,10250289.81520732
smartcredit,
eth,10226188.616247725
dev,
eth,10250685.735901432
sft,10221193.79184298
kex,10138616.268004049
fsw,
eth,10148391.57910781
dough,
eth,10007542.455088926
rae,
eth,9975012.081813935
vdot,9986420.374952381
asr,9997941.741439376
fcl,
eth,10000365.06385465
abl,
eth,10093007.620460602
drc,
eth,9903561.40475
,
eth,10005710.632963117
noku,
eth,9772439.715673778
cron,9829302.875864603
gom2,
eth,9807518.68024284
phnx,
eth,9738649.72969312
btcp,9779745.98420091
inf,
eth,9700640.159380833
cwv,
eth,9753123.846618822
l2,
eth,9656967.310368923
uuu,
eth,9649237.11571974
crd,
eth,9657430.84074
cbc,
eth,9576971.775652133
csp,
eth,9560169.616152715
urus,
eth,9437017.974356402
udo,
eth,9409181.197739024
kcash,
eth,9351381.948155291
nft,
eth,9347477.628185894
smt,
eth,9348926.268195353
mir,9212539.88264377
mtlx,
eth,9263310.39645126
maha,
eth,9232497.179891774
combo,
eth,9144080.679652203
ess,
eth,9220641.647319624
zt,
eth,9177124.196242286
dyp,
eth,9151056.342257565
int,9236545.275945546
lbtc,9142337.553528063
onot,
eth,9126069.848021546
land,
eth,9132052.701481339
bond,
eth,9111196.359705092
dows,
eth,9108612.797825327
oin,
eth,9043376.513401175
phr,9048127.044867205
doki,
eth,9052771.68727062
let,
eth,8969344.699948082
gleec,8983031.611499883
tft,8938731.45754099
snow,
eth,8788759.057957234
gro,
eth,8895962.699907014
aya,8742830.04519436
fnt,
eth,8795751.65305136
cvn,8804405.626202134
paint,
eth,8795928.050930645
zefu,
eth,8801111.009215083
grid,
eth,8735772.14521265
n8v,8745074.934248041
cvr,
eth,8609585.094729846
prs,
eth,8586940.36054459
levl,
eth,8534527.282432359
axpr,
eth,8522203.00198403
pros,
eth,8475596.447139053
aitra,8481202.281365242
lml,
eth,8332966.9196904
pot,8290277.710585664
nuts,
bnb,8184438.84914741
lua,
eth,8144881.126261692
veil,8136163.629579867
etha,
eth,8057566.353527729
wet,
eth,7895268.388239221
brew,
bnb,7968548.19607133
idna,7920415.953007071
vest,
eth,7954216.932264512
grlc,7936839.1595693985
ogo,7934412.1996121295
balpha,
eth,7923552.5530897835
dep,
eth,7834956.656157135
ldo,
eth,7916103.803254747
dex,
eth,7781035.17988674
vdg,
eth,7822544.875904756
pan,
eth,7802327.943429103
bcdt,
eth,7758717.465098822
icnq,
eth,7792875.036707874
argon,
bnb,7615825.314587852
rvc,7549244.069330973
bca,7529220.56990639
xmx,
eth,7513731.579581549
dmd,7499577.24004124
onion,7489498.250172701
spaz,
bnb,7466178.605851808
djv,
trx,7692791.222745733
atp,
bnb,7464640.144971943
instar,7433471.668806944
ousd,
eth,7405201.692344916
ndx,
eth,7427670.378412709
wow,
bnb,7355666.782148098
olt,7328382.002373653
equad,
eth,7341040.956818634
exm,
eth,7302072.539584574
mtc,
eth,7361715.679173756
vidya,
eth,7262830.114010374
asko,
eth,7216195.555334103
xtp,
eth,7223031.176203665
chp,
eth,7184979.90624151
dexa,
eth,7047730.885749999
grc,7160467.776211518
xpn,
eth,7143132.594263622
bly,
eth,6477548.823326616
safe,7125324.042860417
inxt,
eth,7091924.699039304
ekt,
eth,7070330.132976144
cot,
eth,7094208.478939649
capp,
eth,7007248.359309646
cnn,
eth,7015505.466784115
yield,
eth,6950077.283666323
xft,
eth,6982384.813221777
rmt,6874040.25976
sync,
eth,6900850.0529537285
upi,
eth,6868161.752379144
dmst,
eth,6798825.0800526
htdf,6763230.857401934
xst,6780940.260206398
clva,
eth,6715283.146863348
seele,
eth,6660379.323716868
vbit,
eth,6646553.07586151
plot,
eth,6653108.276253758
mona,
eth,6673677.753924278
trtt,6652678.848931079
fat,
eth,6621358.2526755305
wpp,
eth,6571899.496521998
plu,
eth,6540066.485817788
plf,
eth,6566456.865344999
kton,
eth,6523472.701368496
mvp,
eth,6544117.000482278
lcc,6522861.694374811
npx,
eth,6479214.417645599
terc,
trx,6491325.476482324
pink,6454944.70965241
hapi,
eth,6362761.574505043
you,
eth,6342665.499706355
webd,6290658.480968427
tower,
eth,6331192.288748065
cpc,
bnb,6289203.18491952
pbr,
eth,6255827.129436431
sig,
eth,6252058.960114485
btcz,6595858.896455517
rno,
bnb,6211124.1116030095
jup,6215606.513351837
gtc,
eth,6179558.911427157
sepa,
eth,6158596.489512209
soar,
eth,6186051.854344175
bifi,
eth,6122560.27726201
azuki,
eth,6170753.97823376
eved,
eth,6060012.189434265
lba,
eth,6065316.214888859
sta,
eth,6052024.402292954
tena,
eth,6056003.176227534
rth,
eth,5973505.400731301
aog,
eth,6011254.1927118935
infi,
eth,6032980.59127981
dtep,6014355.046334203
open,
eth,5974378.025693717
open,
eth,5920246.880013609
bidr,
bnb,5908858.5348000005
xpm,5861484.379861719
yeed,
eth,5878526.690263964
ilc,5828250.303289321
pla,5806029.660066988
adb,
eth,5729237.988367938
zebi,5760952.434643092
yap,5759233.396578
ixc,5765601.356288037
ebst,5749107.069850066
omni,5693599.683385988
dtx,
eth,5685861.848027846
chonk,
eth,5704704.595681906
exrn,
eth,5698808.059649999
box,
eth,5669084.588812248
vdai,
bnb,5584835.149757573
scp,5591304.416444641
crbn,
eth,5583191.433221426
aid,
eth,5574798.918110481
auto,
eth,5561760.0420063
lxt,
eth,5517687.303351542
fin,
eth,5535486.471211564
iov,5519774.612971857
mist,
bnb,5494673.183626594
sin,5474304.318592578
th,
chz,5449409.404887835
xby,5417440.7999382
ac,
eth,5397790.68687757
thc,5402595.313069327
snc,
eth,5415188.79242412
skm,
eth,5375834.045892866
hypr,
bnb,5333783.23238412
vex,5337130.775114494
edn,
eth,5306217.545496
zash,
trx,5303727.760618482
dime,5290870.773830782
tks,5278446.699164583
play,
eth,5284226.830283989
nsure,
eth,5259840.354961956
pat,
eth,5177093.463003305
bis,5142844.172095981
satt,
eth,5110153.399376663
raven,
bnb,5079861.983167307
wish,
bnb,5105646.963057443
ccx,5075957.382930482
lkr,
eth,5066018.623151078
seen,
eth,5090818.850452454
nax,5061514.304812988
spike,
eth,5022386.112583838
zer,5019851.8156082
sota,
eth,5048208.639585112
ok,5025007.158097402
rnt,
eth,4982616.046533088
oto,4984143.702254436
safe,4989799.287322192
gsc,
eth,5028403.540012602
gum,
eth,4937306.249282924
meetone,
bnb,4858691.857831003
vibe,
eth,4878469.320529666
winr,
eth,4861318.1167946225
pwr,4870405.674947991
nord,
eth,4835439.4287832435
bhc,
bnb,4817523.098377375
hdao,
eth,4809096.236719365
sph,
eth,4814181.813618944
trio,
eth,4831536.7788
alpaca,
bnb,4774368.539375653
cbm,
bnb,4756931.715030056
swg,
eth,4750930.438899188
bart,
eth,4716729.371121634
pgt,
eth,4716145.408884014
ktlyo,
eth,4667053.591692726
scc,
eth,4721990.419508862
bze,4686945.884725215
ads,4649368.685178584
ceek,
eth,4633416.641698902
42,4656473.842510944
fkx,
eth,4599042.532731773
nbx,4558080.087167508
chat,4564104.042003738
lead,
eth,4543058.301917946
linka,
eth,4543304.939193118
bcp,
eth,4491569.988511465
tons,
trx,4295952.462450245
catt,
eth,4410134.336978432
trias,4410644.418056288
xpc,4296359.886888274
fera,
eth,4408310.1891999
idrt,
bnb,4345961.3806680115
toko,
eth,4343317.520503593
box,
eth,4323521.006685847
zcl,4297655.033099942
blk,4276908.575012509
lnc,
eth,4262759.602828645
dgx,
eth,4247987.977670385
bitcny,4237787.605405398
ryo,4252910.241557648
gio,4254886.731271777
idea,
eth,4237732.657339888
masq,
eth,4219679.895629129
astro,
eth,4197349.11934761
bc,4174442.1377706025
sfund,
bnb,4165114.6508303923
1wo,
eth,4163980.3376524565
bitg,4145454.7070595766
dat,
eth,4155364.6524028997
gard,
eth,4103085.6009
amn,
eth,4122018.9796056384
boost,
eth,4093221.1347155753
vnxlu,
eth,4079827.4431856507
crw,4089099.0962946936
pnt,
eth,4048196.6029428598
swace,
eth,4150395.188391638
d,4040720.5371669806
vrc,3979090.2176428833
jrt,
eth,3990483.938138878
zora,
eth,3957813.664984894
hyve,
eth,3909062.9709523907
ufr,
eth,3934600.126853701
aab,
eth,3894215.53477943
flixx,
eth,3931917.4087394318
xfc,3829341.9917320316
meme,3823932.5848310026
news,
eos,3800745.4698611796
qdao,
eth,3776724.1703944
nash,
eth,3808261.963180014
sdt,
eth,3784174.2616477795
ethm,
eth,3762678.591113741
rem,
eth,3719822.902866937
waif,
eth,3714079.305829641
usdx,3675104.988711284
mne,
eth,3673535.4387018834
pgn,3666263.524739188
chx,3624811.160832889
0xbtc,
eth,3643290.2518013637
vault,3639634.1005608235
lunes,3635457.8162219864
doges,
eth,3628395.229127584
fair,3620836.0933371903
cure,3627116.153413638
az,
eth,3613147.8048195387
rfi,
eth,3634516.015607898
qun,
eth,3602897.8274674825
incnt,3563876.8658977705
mue,3552429.221417409
uca,3518612.7423139825
btzc,
trx,3515008.336249303
hnb,
eth,3497369.290373518
chads,
eth,3477705.4081197195
ugas,
eth,3470090.0338273477
usnbt,3471929.0423737257
bcv,
eth,3463275.8089982555
cpay,
eth,3455920.4653839236
dax,
eth,3420864.7156291506
2key,
eth,3482462.9594314196
xrc,3429236.847107027
tent,3428491.083697837
cloak,3429524.8155639726
bomb,
eth,3421954.798270263
ioc,3415792.3814826077
pvt,
bnb,3392330.2165186564
dmg,
eth,3406263.5724285212
cns,
trx,3399343.326920057
exy,
eth,3394202.3473821
dogefi,
eth,3399945.53087498
dfs,
eos,3355168.579261703
8pay,
eth,3348025.131748739
aac,
eth,3330531.043765
kubo,3302874.630634214
pasc,3262327.8466938837
flash,
eth,3275739.3353934353
yee,
eth,3227046.133811608
bos,3182667.859868202
ong,
eth,3301886.027397181
acat,
neo,3135144.341779975
cur,
eth,3127619.5355801107
hyn,3117899.4613595987
hnst,
bnb,3125671.5782601186
ubex,
eth,3079591.1209091973
sign,3059036.376114888
karma,
eos,3049764.2201472064
gig,
eth,2953379.385253678
drt,
eth,2950172.429037015
bpc,2947766.175671553
tn,2934985.988771281
warp,
eth,2950936.955160299
hyc,2952377.3680846677
xbtc,
eth,2931527.2606708906
chi,
eth,2874433.9768306776
imt,
eth,2905704.070763839
tnt,
eth,2895646.135189319
aly,
eth,2889961.038758
hlc,
eth,2881517.514569203
inex,
eth,2866289.3426871
hydro,
eth,2853676.349173185
ndr,
eth,2846880.0925158164
tad,
eth,2840588.3772026165
dav,
eth,2757486.638449545
xiv,
eth,2795859.8939767997
xfi,
eth,2829191.915147946
ledu,
eth,2790684.417939619
base,
eth,2803534.2883738223
cgt,2786368.670494616
ppy,2790302.3505286067
1up,
eth,2792984.535861948
ppp,
eth,2775928.5546481498
fyz,
eth,2771484.306339809
totm,
eth,2765400.3656674833
kndc,
eth,2755459.6048287656
boom,
eth,2734457.367233459
kit,
eth,2729549.1379375327
hgold,
eth,2707737.8205473865
ut,2695218.2852978166
htn,
eth,2692113.862954408
aln,
eth,2685765.616357244
bnf,
eth,2694458.7058409653
zum,
eth,2683514.2329480713
sub,
eth,2679081.7861896027
add,
eth,2666017.1168066775
bwx,
eth,2664608.777524893
ftx,
eth,2684919.7460865
four,
eth,2663083.2268458772
banca,
eth,2646739.956158104
sfd,2641170.4447962497
qwc,2633485.449691826
eosdt,
eos,2615123.462562337
sumo,2627173.917658426
efl,2593865.968295213
moons,
eth,2601061.007235242
yec,2569955.081950547
innbc,
eth,2569680.5415797443
share,
eth,2570388.095698732
ditto,
bnb,2566821.192762134
mcx,
eth,2571190.9377352917
ebox,
eth,2537767.140015644
ddd,
eth,2536606.4843978547
cai,
chz,2565519.174232835
geo,2519652.409744479
bbc,
eth,2519739.9069499997
vin,2538788.50165851
xaur,
eth,2500449.1276308284
eng,
eth,2495253.8439498106
typh,
bnb,2483592.0983556323
kcal,
eth,2494135.244847391
polis,2481365.831105716
rpzx,
eth,2470840.241632611
yae,
eth,2443728.868856952
nct,
eth,2452971.3390605487
bcug,
eth,2487730.111021052
gfx,
eth,2451162.7897444866
pla,
eth,2446232.983641
etna,
bnb,2520721.809499315
mtn,
eth,2429702.615679036
vbch,2434333.0337625607
roya,
eth,2428731.6734194336
get,
eth,2428998.203934215
eosdac,
eth,2388513.008519917
snet,
eth,2244420.3585282043
bscv,
bnb,2382571.196292874
tol,
eth,2429309.943006668
mer,2368555.512532
smly,2365121.5847489736
donut,
eth,2368961.193781334
sono,2355653.935185993
ptoy,
eth,2347284.2052107
pirate,2341902.608296902
krb,2338716.780708211
wlt,
bnb,2320607.047960891
iog,
eth,2297695.801264706
tx,2303714.835360152
wnl,
eth,2290365.666566493
modic,2253187.3252454265
bizz,
eth,2246716.9448225386
1x2,2237610.5593937277
ionc,
eth,2230897.8876493154
mcm,2248092.0461805416
xhi,2234809.143371472
mpay,
eth,2228149.295300659
carbon,2210294.4373092526
ping,
eth,2212271.136391708
lthn,2210109.7765838956
xchf,
eth,2210930.6624912997
exp,2208091.1665264247
ait,
eth,2189745.2287037442
fmta,
eth,2190788.302468662
pst,
eth,2189872.7617256716
tdx,2193137.7123638624
gmat,
bnb,2176211.4156674067
cor,
eth,2212538.6321848417
peos,
eos,2179452.798046586
cpt,
eth,2170213.2279772684
bwt,
eth,2164706.063772935
mgo,
eth,2155021.6750082034
mbc,2154865.9380912445
xas,2133183.2149754255
aux,2132982.2262494275
xiot,
eth,2140766.98831089
bxy,
eth,2131424.358416143
pizza,
eos,2127894.5842047823
ntk,
eth,2110546.229729523
dzi,
trx,2120299.193014864
lux,2188554.788180732
ss,
eth,2061533.990663762
alloy,
bnb,2100981.953543758
ship,
eth,2098771.7140059373
vig,
eos,2053427.4120345518
own,
eth,2071131.1374610339
xnk,
eth,2065578.8451577346
msr,2055962.8308747057
repo,2053301.784556088
nug,
eth,2061081.3278466708
ag8,2028757.89064746
xlab,
eth,2029804.0522110048
tzc,2032233.1466971892
nty,2019246.0156754332
bits,2019533.387410237
mcash,
bnb,2020365.2658414997
pmeer,2008474.2499044978
aidus,
eth,1997146.698113818
adm,1993535.3320092894
ecu,
eth,1989534.0525683647
bdg,
eth,1986656.622575265
ors,
eth,1964751.6422226878
tfl,
eth,1977207.307207553
eost,
eth,1978979.3684459615
dogec,1970735.2236890057
rise,1949470.3994266887
wct,1965386.6007531856
fyd,1960359.0059305013
dam,
eth,1944608.7145191748
lobs,1954736.6404501502
eql,
bnb,1924645.0665906598
cnb,
eth,1923863.0474813634
zpr,
eth,1917487.2242075591
gcc,1916236.2374465754
bob,
eth,1909829.2772121504
type,
eth,1902304.4137488853
monk,1903584.379756937
bmc,
eth,1893965.8495152597
yfiii,
eth,1881987.6134373038
ysec,
eth,1882211.3266274165
btb,
eth,1867906.8706898033
stk,
eth,1899490.4037060882
bto,1851794.3953663595
cann,1868183.7604808866
kebab,1861613.8387238781
cosm,
eth,1858948.4993482889
aidoc,
eth,1857282.1548525065
coin,
eth,1853641.8334687592
homi,
eth,1855107.5069554385
poe,
eth,1852814.420092339
libertas,
eth,1855271.8827786527
cva,
eth,1845957.234907731
ttn,1836105.4926824241
vips,1822430.0221318074
eko,
eth,1807282.470815
got,
eth,1797462.7132532771
ppblz,
eth,1797328.363590338
kdg,
trx,1799454.592225249
xmon,
eth,1801685.7060320517
ecom,
eth,1789505.730670896
opt,
eth,1779709.9055442188
defi,
eth,1788630.0387096729
upx,1769882.9168309362
snn,
eth,1764026.9069990686
avt,
eth,1758478.3224043201
amon,
eth,1751026.3456250704
qark,
eth,1747968.125796106
ctask,
eth,1741632.491377912
xwp,1742753.5221217428
ghost,1735150.5612140398
launch,
bnb,1730886.1357870407
clr,
eth,1716927.2401635135
elec,
eth,1744614.3670979817
fjc,1718021.387199795
iht,
eth,1720690.1635518165
exe,
eth,1707707.7918254002
now,
bnb,1697800.609285617
sgt,
eth,1708465.0628874144
rpd,1697727.5498656982
omc,
eth,1690749.6722734002
fti,
eth,1686364.8033959998
brze,
eth,1692476.9049260002
bznt,
eth,1666963.7427506293
gear,
eth,1670754.209821683
owc,1661567.9129666567
yeth,
eth,1651971.3174068509
nbot,
eth,1657982.7858867
ebc,
eth,1644783.329623396
btu,
eth,1647056.6482369816
kt,
eth,1647777.1141123543
xbc,1643475.0855523117
spn,
eth,1647183.666781369
xsm,1636438.2430452025
vld,
eth,1617811.3698233245
qrk,1617181.663035811
zxc,
eth,1608889.9104336277
zp,1601986.8976544805
datx,
eth,1593874.1289948921
lst,
eth,1591003.3177328561
hmq,
eth,1610163.0459560624
yvs,
eth,1584147.8046481882
mnc,
eth,1569555.84914282
trst,
eth,1539999.083965946
pmgt,
eth,1528646.1193394281
etz,1553786.8194014556
rise,
eth,1531044.9173481516
dacs,
eth,1521859.1732248815
loot,
eth,1506373.1342893
lcs,
eth,1507641.936615593
acm,1492414.4345077921
bxc,
eth,1481930.2099229111
lock,
eth,1484402.4387852603
phi,
eth,1480610.5467944182
adc,1481818.499245979
bbk,1480806.2023868202
corn,
eth,1469342.143027292
shping,
eth,1457734.5553365543
dth,
eth,1476375.7149860999
ctcn,
eth,1454302.486024551
pxc,1456202.5684783547
daps,1455251.2154658635
zum,1451982.1560473135
xnv,1449352.0102814212
sfx,1445162.1897772923
treat,
bnb,1433058.30836907
gold,
eth,1409590.2805309424
bet,1403608.000562284
ebrh,
bnb,1402058.5498918898
zut,
eth,1404656.9831932131
nsr,1390083.9728460507
mpg,1376539.6062113077
rte,
eth,1354666.7617468697
ind,
eth,1345033.1624443503
havy,
eth,1341787.1276512144
fdz,
eth,1337733.4276874466
zpae,
eth,1239515.6789646694
hbx,
bnb,1327232.2710891399
bitb,1328532.2858883333
ret,
eth,1318140.738092
ink,1315064.9874176176
dcntr,1309162.2495454247
pkt,
eth,1306012.1617564228
mbn,
eth,1293318.5189757475
znz,1299054.5980305315
shield,
bnb,1291556.424507082
shnd,1290127.7234800514
fund,1288505.8001737907
erk,1281591.14311255
jar,
eth,1279522.177134008
epic,1278557.086435823
bbp,1268514.3303949244
cova,
eth,1252576.2227494007
ncc,
eth,1248346.871950795
svx,
eth,1239203.336277633
dgc,1239865.6505184446
edc,1237017.8400846366
next,1241878.9928280627
enb,
eth,1237929.308534459
zrc,1231929.8207675437
milk2,
eth,1223206.151946628
iut,
eth,1204943.4273468335
xnb,1199629.8379199998
adt,
eth,1200401.40272646
pny,1199431.0629568377
ixt,
eth,1194710.1091898475
axe,1191636.7506365238
cofi,
eth,1179821.9392350987
eco,
bnb,1182067.2402449527
ssp,
eth,1175495.7722539352
malw,1177956.952066968
xdna,
eth,1172759.6502085526
mbonk,
eth,1172208.95931828
evc,
eth,1172962.8691204141
,
eth,1171361.7926497806
drg,
eth,1159654.5527620637
olxa,
eth,1157692.4913892245
jct,
eth,1151237.781289048
dct,1140231.9593188849
xamp,
eth,1137118.3195972529
isla,
eth,1142537.120295376
excl,1132383.5959664648
metm,
eth,1127352.7946209875
pte,
eth,1114922.7394443902
real,
eth,1109513.665319121
pak,1110026.2837557914
pass,
eth,1108909.3165496849
nfti,
eth,1107979.2314802762
cdl,
eth,1085882.1409052024
rot,
eth,1089594.472105532
lync,
eth,1082875.5463312182
lana,1071596.501719317
crea,1071417.8408060148
ptc,1069994.2126515827
stbu,
eth,1062164.083307863
ddk,1078851.5554606172
lnd,
eth,1057888.23609933
tff,
bnb,1075653.0032455602
cbc,1049616.8743717854
dhv,
eth,1048455.8342170126
becn,1040615.8572900452
dpy,
eth,1064636.8514059235
vi,
eth,1036225.8685766029
bid,
eth,1040320.8591925038
sbs,
bnb,1033538.670110367
xpd,1031977.0144623537
cbix,
bnb,1023207.4329585524
sib,1021480.4066736049
tch,
eth,1037471.8246761933
ent,1017776.963165351
buzz,1007286.1082
sct,
eth,1011550.5861009663
ethv,
eth,1003258.1100771425
hx,1003534.9015701604
fuel,
eth,1002746.2780099999
sar,
eth,1003389.7521958579
shake,
eth,996667.1499584304
hyfi,
bnb,991352.3032932834
cspn,983038.7969529988
ccrb,982984.1632165245
ali,
eth,978021.1266344172
edg,
eth,979092.1699203734
arnx,
bnb,970399.3212536
x42,976037.2621391831
lqty,
eth,1018369.5458345294
max,968532.9078513463
ipl,
eth,966339.8593250718
wfx,
eth,961372.8574282462
ethys,
eth,967833.2057243059
fxt,
eth,962773.3517395919
wows,
eth,963083.8306437535
frc,956276.4378945004
vox,
eth,949620.2364752914
ncdt,
eth,938373.0006832076
hsc,
eth,945871.7024808077
tend,
eth,928593.8412496644
gmb,
eth,931247.8723161157
troll,932588.1125016229
lmy,
eth,932267.0962735798
kuv,
eth,924377.5893636652
corx,
eth,922684.3939583568
bir,916416.1777673026
bsty,913964.1654977944
atmos,
eos,914468.7861874404
bnty,
eth,909082.0563054353
dit,
eth,910208.3312112609
art,
eth,901162.990605916
fusii,
bnb,890476.5528692822
atl,
eth,886185.2544678126
tro,
eth,890694.8043956659
max,
eth,880330.1826921777
tpay,841319.7950279686
dbix,880850.9492616999
orb,879678.5054286021
rendoge,
eth,879226.2208083969
nanj,
eth,871879.8217107522
idt,
eth,871641.528932179
inx,
eth,855726.2857966094
pylnt,
eth,858570.8656404833
mib,851686.3561493532
lun,
eth,850163.2529919816
atn,
eth,882692.7561022094
wiz,
eth,840483.6976744469
opt,
eth,841668.6039220584
qch,
eth,837249.9569794902
heat,839102.7788705805
pipt,
eth,841641.1527413027
pht,
trx,823267.229493062
egem,824751.3869767289
red,
eth,824021.5560844302
mrk,
eth,811354.5862413995
bitc,810615.9824334651
rating,
eth,806404.0678465855
ruler,
eth,806146.6249985457
xpt,
eth,800761.1061237742
cate,
eth,792795.5773049392
novo,793244.6458288619
log,852140.1569395417
pxg,
eth,785855.7880959563
ormeus,
eth,787128.2999375182
cen,
eth,685012.4124804331
trust,
eth,781304.3293479702
axis,
eth,772619.116880993
tnc,
neo,777308.421176025
dbet,
eth,779745.9698172864
bloc,775653.7494193853
gene,
eth,775325.8238974618
at,
eth,773027.8698187236
kgo,
bnb,772808.4635637513
bitto,
eth,769792.3658988489
gbx,760686.523910434
telos,760665.8031731232
xbp,
eth,749019.1675508125
grimm,603622.5290772445
rblx,
eth,739946.6327341459
ton,
eth,737803.0878358467
peg,733516.6564095282
bcpt,
bnb,731067.7254057159
deal,729015.5149311677
cat,
eth,717972.3015879419
mec,716036.1062754858
chart,
eth,713001.5281565986
neva,713055.9627676951
ftn,
eth,704022.6124490167
stx,
eth,708393.7724187516
reec,706973.329687651
zpt,718759.326505
tcc,702609.8703827768
a,
eth,699696.3650824974
gzro,698382.580386401
skb,
eth,696146.8018991267
esbc,696036.014058942
btdx,696349.5809061162
xmv,694882.0000386811
cfl,695597.4793100274
rito,694356.4486040085
mas,
eth,693170.2505456462
evy,
eth,688426.8452068
isikc,
eth,685751.5255942149
poss,
eth,675121.272693733
gmc,
eth,670554.4393744771
grg,
eth,671869.972940013
ore,
bnb,670259.2466880707
vikky,
eth,662359.064854649
bdk,
eth,643824.5803023351
blue,
eth,641147.1567416651
elet,
eth,637487.7302462731
ama,
eth,636070.5982521154
ird,635953.7448047048
rmpl,
eth,634152.7194300358
gpyx,
eth,634974.4166596272
vip,634881.9488362481
pho,632895.2597290603
usds,
eth,632600.5803904658
trc,632574.0831759291
sxut,
eth,630442.6706475528
gls,622844.2598545476
kp4r,
eth,617044.695438954
her,
eth,620132.7035539655
zcr,620762.4202313263
tbx,
eth,621463.8409695198
egg,617274.466705639
mct,
neo,575247.8323276741
swt,
eth,611423.0593926942
qbt,604179.719047507
bny,
eth,606657.7872527514
rvt,
eth,604526.7873757717
deb,
eth,606519.1952230535
bitx,
eth,593986.6484443207
mntp,604395.9885147196
stbz,
eth,605387.9868622706
grft,596152.1518658715
wg0,
eth,595106.4654808774
fess,
eth,590431.4485297062
mask,594400.1644146927
chnd,590014.6268533707
s,
eth,588636.2544620865
mmo,589433.7232519635
1mt,
eth,562495.8210853189
bird,
eth,583992.6497914095
wco,
eth,581129.3773246264
blu,579221.3559181083
foxt,
eth,575639.8075252128
stm,
bnb,574871.8103995875
zny,571240.7657166913
flp,
eth,568844.3568795205
nbc,
eth,567383.4597987103
face,
eth,571337.1253697755
priv,587014.096001291
nkc,
eth,560189.0436488775
pux,
eth,557891.3486404
xlr,551481.6354965643
kue,
eth,548053.9493285709
star,
eth,547579.363115625
pch,
eth,546025.271847685
xgm,542997.4164578988
ine,
eth,538756.4456725977
abx,
eth,536954.9720017675
sphtx,536902.343266602
pria,
eth,539827.376505173
kicks,
eth,513658.82016848115
bdp,
eth,513482.44815375045
onl,
eth,528903.1437842938
zsc,
eth,525692.8951672784
mexc,
eth,517247.24917337677
dml,
eth,518480.3992634141
crp,514371.3599668869
iop,515574.88025118783
start,514231.16779995366
brdg,
neo,508019.2491584975
vtx,
eth,508660.11998637504
woa,
eth,508017.18772926193
zeni,504357.60822401475
spd,
eth,500556.1656191388
soul,
eth,497991.341762981
bouts,
eth,495575.23784701974
mnc,
eth,493523.9814043921
bboo,
bnb,492326.1727791415
scb,
bnb,489691.23580059566
flux,
eth,489318.46768330014
hqx,
eth,486790.08575946966
bltg,487233.2810546355
sem,486883.32911238034
got,
eth,483972.2735457556
day,
eth,478996.8005216802
put,479254.8659076459
etg,
eth,476722.15485804406
x8x,
eth,472907.06801386876
ieth,
eth,473464.82462976
shdw,472417.18474832
arq,484178.874783656
hgt,
eth,456489.96845312376
lqd,
eth,457103.2026564072
sts,
eth,455788.27547326894
scl,
eth,454083.7397371692
esce,
eth,453553.183251
swing,450454.58253595326
up,
eth,446949.1935018841
cntm,
eth,445581.30465285503
gem,
eth,443407.0893763394
zet,438263.08591042145
vdl,436077.9409608366
peps,433672.0464463339
myb,
eth,429656.424249175
gfun,
eth,426439.0972532479
ccn,
eth,426887.5286971987
manna,423291.1079435373
aced,
bnb,421818.9150168802
berry,
eth,421784.7372104419
dem,421651.08110244706
ethy,
eth,422381.600596215
alt,
eth,419691.8446709231
senc,
eth,418339.74178700894
oct,491865.4895943
meri,416393.6602632857
iq,403039.3979374849
pht,414282.2680430392
araw,
eth,414884.13615199487
dope,412187.4174995802
shmn,412361.3600942796
fyp,
eth,409672.8453467509
lyra,406933.29458086495
bgl,405950.3862476774
civ,405489.1907581476
bqqq,
eth,402629.56858776143
tix,
eth,402914.44328199996
img,402371.3776177528
asafe,400810.56559762225
tcore,
eth,399483.13286208786
eve,
eth,406393.8621460349
pbt,397860.45672178967
fota,
eth,396810.2672695049
peng,396239.6061792182
nor,391857.13939628564
mes,
eth,387390.9030345593
trix,
eth,386868.6850427109
kobo,385876.8387725594
bmh,
eth,384078.514718315
snrg,382335.13809931657
jet,
eth,381656.22622108494
vote,381721.5946995842
fud,
eth,381171.8187063661
esh,
eth,378398.60407279
beet,377858.4494189229
pop,373498.6873495363
mintme,374111.11441844876
kfx,372753.87041088386
zla,
eth,374332.5605766
netko,368271.784822863
beer,364823.618894619
ely,
eth,361969.7147485801
zuc,
eth,361001.9224093761
xcn,357050.43040906027
kseed,
eth,353630.811266647
ion,351429.7670537509
almx,
eth,351438.69143673463
pipl,
eth,347798.3061883911
tsd,
eth,342347.0463839213
wck,
eth,343461.06088527903
pton,
eth,335812.66167195025
tsl,332166.7166563005
chess,326756.4562946134
sins,325345.2064097035
hb,
eth,323505.98150348116
road,320661.9640181825
spd,315850.4494815045
n0031,
eth,312632.2568518433
lit,
bnb,313318.3223329506
mota,311835.25685969536
ytsla,
eth,309865.4095227019
xsh,308689.1284755409
flx,
avax,302368.788834
rock2,
eth,291357.8568621792
kind,
eth,299683.05281461024
quin,
eth,298600.51359715144
bits,298369.0081318781
scr,296434.2755779325
nmp,
eth,296109.63489863
anc,296713.6884326654
tdp,
eth,294604.0367288756
arc,294513.770935115
cvcc,294478.61698635935
bez,
eth,284235.6632944897
gene,
eth,288380.9949074915
btr,
eth,285916.36511393334
tup,285000.59948564356
cnrg,
eth,283977.9322882859
opti,
eth,284346.6287548556
hlix,281953.08911042236
usdx,
eth,280366.58167793445
slr,278770.19117511366
hush,276205.0826624277
ctl,276397.0364732671
wtn,
eth,268419.9411263391
toc,
eth,266272.2218822848
2give,265801.29101542366
jui,
eth,263734.1156699714
ubn,
eth,262506.161633708
gin,261970.0143154245
dcto,
eth,261379.06549504626
ctt,
eth,252571.86516496935
enrg,258911.77772084647
oot,257603.31214834724
moto,257371.02149852505
mac,
eth,256887.22932663487
amm,
eth,255622.03897223994
inve,
eth,255403.2385775128
xpa,
eth,252983.34594856502
ntrn,252355.8248331813
ents,
eth,250804.36500433707
ac3,247608.9660628279
kurt,247397.38952095705
btct,247265.20918345338
stq,
eth,245278.6671528501
tcash,
eth,245077.246582784
ympl,
eth,244796.7705344606
xta,243101.11151867878
modx,
eth,242919.70815876158
pdata,
eth,242439.66776372658
inn,236513.07985703097
plura,235748.47472365535
pirl,235060.24875286376
skin,
eth,233704.93901330887
arco,232803.11025536232
pyro,
eth,231266.43639971604
shb,228918.11537151082
vrs,
eth,227124.57054589933
vgw,
eth,226728.22036369768
adi,
bnb,226093.7059942765
hwc,225373.42645032122
horus,
eos,222680.08390208817
ella,222362.70442048518
tag,222099.8495766801
mor,
eth,221666.2291066205
crdt,
eth,220558.30136455275
dxt,
eth,219105.98848824485
croat,218553.0329004408
entrc,
eth,215909.47420314647
ytn,214088.1877238272
tm2,211255.72860948433
cgen,211450.6487676817
nfxc,
eth,211303.40401468085
fgc,211016.10843932783
rigel,
eth,212340.4865343747
gcn,210580.51739649917
rbt,208931.6826084546
syn,
eth,208302.88676946424
cob,
eth,206997.21817266278
atcc,
eth,205889.8589116155
cj,204889.41564539517
tgame,
eth,204005.71927862486
insn,204460.16093069842
nsd,202878.1528877237
emd,202595.8174364416
aix,
eth,201901.0014387062
tns,
eth,201922.66698207473
posw,200016.95381369098
wand,
eth,198661.22333128419
bon,
eth,199140.3549964203
boli,196364.80920170285
ldc,
eth,195508.4268042197
swift,194646.79754017046
wgp,
eth,191934.07553288797
ift,
eth,192775.68154786783
aim,
eos,191845.54241004243
pti,
eos,190916.56973018544
eti,186974.86753081542
svr,186109.29885295368
more,
eth,185452.85715144
wab,
eth,181957.87717198688
rex,
eth,181697.7479101788
herb,
eth,179227.69889613392
sds,
neo,178987.4929097598
reb2,
eth,179874.04590462297
dynmt,
eth,176630.41617966894
trump,176398.18585125232
adz,175771.66332609073
bsd,172024.19371967122
cymt,
eth,171846.26164500002
es,
eth,174746.07825380223
micro,
eth,166684.3390290649
bbr,166396.73880110832
flot,
eth,166192.26808180273
pkg,
eth,165189.34491713127
ic,163992.52133075264
martk,162074.06229010547
smc,161236.95703597413
super,160802.53165389164
won,
eth,159992.52040141777
evil,158897.6920945149
tkp,
eth,158002.14529648295
hss,157959.42724375863
unify,155315.09559528736
cnus,
eth,153957.996818
bbs,153760.54582640145
hand,
eth,208579.38267843978
yffii,
eth,152566.43754505532
sss,151799.81932460304
gic,151483.98523153807
evt,150765.7250349852
prcy,150626.49249966396
voco,
eth,149907.2359618749
yoc,149031.22810034727
bela,
eth,147596.6734550049
fex,
eth,215492.31684078797
npc,146058.9107492806
bbo,
eth,145609.9157415274
nat,
eth,145169.031927615
arepa,144841.6368857388
cheese,144234.357548235
xgs,143731.0621067089
lht,143082.294296
wvg0,
eth,141644.88887411976
cmct,
eth,139249.5906
raise,
eth,139308.1321975684
cco,
eth,138708.47528370327
lcp,138703.6888296159
scap,137302.19887703424
web,
eth,110818.37791263047
dft,135098.21248741203
cmct,
eth,134297.4776429206
cmm,133940.82202538877
pyrk,133099.4659054732
fsbt,
eth,128481.15513219724
duo,128548.5861245909
zinc,
eth,126961.87255670458
vls,126658.85839139143
nrp,
eth,126177.8877667172
knt,
eth,126217.87937
vidz,126268.97894268695
itl,
eth,125986.99523891785
evn,
eth,125637.21970985149
inrt,
trx,125106.91083302349
pyn,
bnb,124598.8996372025
eltcoin,
eth,123281.7009165
xra,123341.33963461725
donu,122662.4272116648
opal,122208.30735431977
vulc,121678.60864800795
xbi,121660.32186798901
mar,120515.37210422276
bcz,120163.60723088894
etgp,
eth,119409.4369874644
blc,118718.578252846
swc,
eth,118458.90108607181
c2,118295.7027337421
vsl,
eth,117789.51151541305
gtm,117623.61193861242
bit,
eth,115922.97985690038
znt,
eth,115904.79330742647
oks,
eth,115460.7947450804
stak,110617.56179162627
team,
eth,108380.8269057368
gcr,107861.39960177458
dab,
eth,106976.01045454228
ouro,106408.94571668
yfsi,
eth,106813.34658606905
zeus,
eth,105829.0758
dfs,
eth,105394.35444120842
arion,104650.66932961669
bgtt,
eth,103302.36737404643
exmr,
eth,103092.8819155235
burn,
eth,102576.42645930126
zdr,
eth,102390.86395816442
ben,102301.4402221
blast,101129.06240440937
bta,100770.4156690494
may,100807.73840532903
hsn,
eth,98384.34856966355
datp,
eth,96592.77050054703
crad,
eth,96122.56174344233
ethplo,
eth,95404.83222352983
nrve,
neo,94986.79466900139
rugz,
eth,95116.6848373514
fire,
eth,94568.50148650067
btcl,
eth,94238.27246969091
fbn,93876.12021153145
ero,
eth,94109.26183669416
dtrc,
eth,93869.44707011277
btw,93748.18962798134
bci,92357.99976578548
pgo,91852.86705739835
frec,
eth,91020.777845
xpat,
eth,90124.92115931955
cpr,
eth,95098.60828765521
prix,
eth,89958.67068065879
wrc,
eth,89754.79397836575
plat,
trx,86894.32288266494
mfc,87497.1369231742
gxx,87059.00861650072
bntx,
eth,85734.22144638511
mojo,86616.5128545895
tan,
eth,93383.96320292959
toto,
eth,86096.85242864469
nplc,
eth,85895.03651930112
xuez,85742.15346541759
ig,
eth,84770.23854452053
bro,84712.29763567564
bzx,83203.04310173096
tvnt,
eth,82986.81785929039
call,
eth,82875.91625518867
prx,82687.68506816364
sprkl,
eth,82364.09329315928
bfc,82240.97001842366
gcc,81782.84338049726
aro,80295.45956502513
ifx24,
eth,80127.72904098
xstar,
eth,79299.1980469
ctrt,
eth,79052.07114011068
ace,
eth,79073.99611769429
gb,78433.82561169601
tic,
eth,77115.0757419
gpkr,77105.47611435581
wage,75894.25625014257
medic,75130.80087604522
steep,74698.40455128677
xcon,
eth,74633.76775669178
navy,
eth,74446.56823082226
sfg,
eth,73906.23364737365
wec,71802.22654950629
bern,71796.76419976202
pnx,71430.02701708369
cpu,71239.29612864029
kwatt,
eth,71379.09550837196
blur,70735.14684002667
sur,
eth,70099.01207956932
yfive,
eth,71566.40876613377
anon,68883.8614015562
btrn,
eth,66486.63416902382
vot,65702.97399569333
awsb,
bnb,65525.75727250921
rup,64901.28224890301
unit,64261.26628555685
uni,
eth,63995.675405988135
post,63974.11068776122
atb,63516.7836784355
coal,63459.024816915
btcn,63326.76351332302
mlm,62244.42542075339
wcc,62041.7692268946
yfbt,
eth,61956.05726756912
acoin,61485.93510313567
glt,61444.78993474132
bree,
eth,61271.51937212168
fuze,
eth,60863.65314615512
lnc,
eth,60544.50409258707
scriv,60166.44372516596
kema,60153.84276285064
ath,60084.81142029037
bits,
eth,59084.21717346202
mftu,
eth,58939.498866899856
edrc,59087.374375845495
zfl,
eth,58563.84788847762
sefa,
eth,58138.76550610512
xind,58214.731016926606
yi12,
eth,58005.29342855957
impl,57441.99865410143
etx,56935.42438459457
klks,56304.64229310904
sfcp,
eth,55784.97431973377
nzl,55578.494967821825
asa,
neo,54582.61433973499
drm,54032.21680691869
onx,53995.38037848349
icob,53946.85286936619
frst,53469.57308551281
dmb,53506.15181028664
gdr,
eth,53304.6012204129
bxc,53229.98342614971
b2g,53178.50225930806
knt,
eth,52766.0495261625
arct,
eth,52741.06745916234
thrt,
eth,51999.88627693834
pex,51924.827461822104
ucn,
eth,52617.396779472125
bcac,
eth,51774.491258859765
ncp,51279.61833815546
tcat,
eth,51017.09806044969
trex,50739.979961634206
spk,50525.020610157684
kun,50397.052455798555
stac,
eth,50324.717396542226
xco,49900.85710100931
mxt,49721.50094359636
xpy,48360.2290245712
mcc,48079.67301881747
imp,
eth,47018.44475061932
allbi,
eth,46877.47860199739
aer,
eth,44757.101378888176
payx,
eth,44533.39366724989
tch,
eth,43871.09061592044
fuzz,43812.73859354502
bnc,
eth,43589.717908129445
snd,43389.88948993319
joint,
eth,42473.083668495026
hqt,
eth,45390.874633
xov,
eth,41516.953714419746
jade,
eth,40895.81599292
crm,40893.674389718
pkb,40813.964729834406
kwh,
eth,40594.37039784521
ftxt,
eth,41274.14324978413
mcc,
eth,40247.90855517671
distx,
eth,39802.38065578609
ulg,39144.622648194345
cnt,39138.52826769844
uni,39038.92444979552
spt,
eth,38540.29169444625
halv,
eth,37675.772757602674
btad,37217.20525865632
rbies,36741.21616693693
hlx,
eth,35782.4568684456
comp,35823.20869736528
uvu,35264.37472490198
spr,33721.703799092524
imgc,33623.922337385855
abst,
eth,33240.31256687735
exo,33170.707530318745
ibtc,
eth,32808.411727207465
ebk,
eth,32750.73645026616
,
eth,32756.62906535878
mst,32401.340933480176
sqr,32244.101084669193
taj,32079.761358333195
set,
eth,31838.023547487173
obee,
eth,30172.426304130066
stream,29545.19135676247
onlexpa,
eth,29513.434770152875
gali,29372.834357517484
mcpc,29152.112106039873
xbtc21,27977.944693503567
bsc,27952.705316128733
bazt,
eth,27669.193187788664
shvr,
eth,27441.629804182896
ntr,27294.809236394005
swyftt,
eth,26783.202318404183
apr,26032.972514082718
ams,25299.139195017346
zyd,25172.564515234786
bit,24944.7290123359
itt,
eth,24730.993056426574
cf,24647.90074440942
ylc,
eth,24514.15726439867
help,24486.1612636542
care,23865.026685271463
gsr,22315.69118601879
hvco,22196.008304740324
pxi,22104.987743535152
apc,
eth,21165.751702388774
dsr,20701.15059184787
qbc,20268.196938524838
quan,20046.721857042347
dtc,20013.210208667468
kkc,20007.6481540885
sono,18911.563492199748
clc,18632.158726494305
vec2,18544.591272616275
creva,18339.045003768144
dlc,18357.24070572544
note,18198.115151508387
xdna,18227.91312356941
nuko,18143.381147578217
ore,18078.45354340209
goss,18004.621867228165
flc,
eth,17726.097506059625
cstl,17563.657603639185
fll,
eth,17300.1574209389
plnc,17224.538845525087
egx,16924.337033011067
mdtk,16558.166413941166
song,16401.28714968273
arb,16363.438374275414
milo,16312.726180462605
nyex,16281.797047282798
cab,15874.355230343268
wxc,
eth,15622.38742309
roco,15517.26329422105
xptx,15240.273155841525
ltcr,15233.21360736264
scs,14192.437545630035
euc,12514.595102204266
dow,
eth,12237.84276109369
luna,12039.323791891926
ira,
eth,12015.87188171999
pazzi,
eth,11794.856769422493
eld,
eth,11581.530690170019
noahp,11389.904688041774
ibank,11405.159214585552
kts,10928.01542662128
ims,10822.652994319256
ragna,10638.458374874403
xmct,
eth,10531.207873774369
ltk,
eth,10309.386532885102
moonshot,
bnb,10025.559531793197
vivid,9692.030344842946
aka,9664.454853887004
vlt,9507.0139452755
socc,9337.108268142609
ibs,
eth,9161.694861326207
pfr,
eth,8837.303812329383
cxt,8691.288466244496
volt,8359.517134610058
cmt,8357.35741533604
sandg,7722.472594355409
nanox,7687.047940539061
mox,7600.777287187345
xap,7487.92501146553
bria,7434.3077003
js,
eth,6846.835427486847
ethp,
eth,6599.154689450734
cyl,
eth,6287.070831682024
cnnc,6241.125429877732
wbb,6230.320714276082
str,
eth,5989.206594621959
paxex,5755.909478124954
icon,5656.335799259923
bul,
eth,5525.047153212842
pamp,
eth,5460.479562961718
ltcu,4674.663735532563
mri,4669.787986386687
clx,
eth,3857.791378677503
aaa,
eth,3389.3391023966246
dashg,3014.504345375711
kzc,2916.2396389108926
sto,
eth,2506.4779346702994
innbcl,
eth,2482.1174653920343
sybc,
eth,2426.7462012378596
qbic,2351.3343580255946
din,2254.6453203632623
mnp,2209.3039280430858
hdi,
eth,2029.67508194689
labx,1838.84238512664
argus,1736.0867579135802
ponzi,1735.7964149362158
help,1357.4023096143442
mpt,
eth,1003.8455314017561
flt,
eth,799.5577995
aglt,
eth,754.3880808624999
conx,750.1424057123052
benz,670.263161522819
nbxc,135.8385501349077
gold,
eth,14.55717726872061
weth,
eth,0
wht,
ht,0
okt,0
cnc,0
shib,
eth,0
cusdc,
eth,0
eth3l,
eth,0
safemoon,
bnb,0
cdai,
eth,0
elon,
eth,0
eth3s,
eth,0
kok,
eth,0
xrpdown,0
plex,0
akita,
eth,0
xrpup,0
apn,0
value,
eth,0
btcdown,0
bnbup,0
btc3l,
eth,0
btc3s,
eth,0
stak,
eth,0
btcup,0
kine,
eth,0
bag,
ht,0
ethup,0
ecp,
bnb,0
gat,0
ethdown,0
epan,
eth,0
safemars,
bnb,0
ersdl,
eth,0
box,
eos,0
bitci,0
gcr,
eth,0
saito,
eth,0
nbs,0
xrpbull,
bnb,0
elongate,
bnb,0
cops,
eth,0
cards,
eth,0
filda,0
dmd,
eos,0
sxpup,0
beth,
bnb,0
lol,0
bnbdown,0
adaup,0
cusdt,
eth,0
safetesla,
bnb,0
davp,
eth,0
emc,0
spe,
bnb,0
kishu,
eth,0
audt,
eth,0
cht,
eth,0
dotup,0
ohm,
eth,0
adabull,
eth,0
ton,
eth,0
rai,
eth,0
alp,
eth,0
hord,
eth,0
fnb,
eth,0
trxdown,0
ethbull,
bnb,0
zcx,
eth,0
fair,
eth,0
brz,
eth,0
rune,
eth,0
hoo,
eth,0
alcx,
eth,0
ubx,0
trxup,0
sushiup,0
bags,
ht,0
net,
eth,0
mob,0
adadown,0
mash,
bnb,0
xtzup,0
bull,
bnb,0
linkup,0
velo,0
ltcup,0
rocks,
eth,0
aaveup,0
cope,
sol,0
sxpdown,0
gera,
eth,0
cell,
eth,0
fst,
eth,0
yo,
eth,0
uniup,0
atm,0
duck,
eth,0
yfidown,0
pearl,
trx,0
udt,
eth,0
nif,
eth,0
1mil,
eth,0
idk,
eth,0
vrx,
eth,0
kobe,
eth,0
glq,
eth,0
mcan,
eth,0
xlmup,0
dpi,
eth,0
wifi,
eth,0
bbi,
eth,0
ovr,
eth,0
g999,0
leash,
eth,0
stc,
eth,0
polc,
eth,0
key,
bnb,0
zep,
bnb,0
stn,
eth,0
cti,
eth,0
bdpi,
eth,0
mbox,
bnb,0
fdo,
eth,0
bdo,
bnb,0
stack,
eth,0
xed,
eth,0
feg,
eth,0
cspr,0
crwny,0
dds,
eth,0
elt,
eth,0
occ,
eth,0
sbdo,
bnb,0
ven,
eth,0
byts,
eth,0
cummies,
bnb,0
filup,0
safebtc,
bnb,0
mrat,
bnb,0
berry,0
wise,
eth,0
lien,
eth,0
yfo,
eth,0
pikachu,
eth,0
unidown,0
swamp,
bnb,0
ec,
eth,0
safegalaxy,
bnb,0
fast,
eth,0
moonstar,
bnb,0
dogebull,
eth,0
dfy,
bnb,0
10set,
eth,0
gof,
eth,0
usdf,
eth,0
ice,
eth,0
uniq,
eth,0
lyfe,
bnb,0
icp,0
moontoken,
bnb,0
sklay,0
wasp,0
xym,0
aavedown,0
tra,0
hydra,0
pool,
eth,0
bscx,
bnb,0
god,0
aur,
eth,0
yfiup,0
fox,
bnb,0
zero,
eth,0
pol,
trx,0
mfi,
eth,0
sbtc,
eth,0
aos,0
bia,
eth,0
lpool,
eth,0
grap,
eth,0
gmt,
bnb,0
linkdown,0
road,
bnb,0
eosbull,
bnb,0
kpad,
bnb,0
lhb,
ht,0
dotdown,0
wwan,
wan,0
dacc,
eth,0
lbk,
eth,0
fxc,
eth,0
eosdown,0
stars,
eth,0
reau,
bnb,0
boson,
eth,0
ltcdown,0
trxbull,
eth,0
bsys,
eth,0
gth,
eth,0
gst2,
eth,0
stn,
eth,0
xtk,
eth,0
bear,
bnb,0
linkbull,
eth,0
shopx,
eth,0
cnns,
eth,0
drops,
bnb,0
mars,
eth,0
rai,
eth,0
tryb,
eth,0
dhc,
eth,0
wault,
bnb,0
xtzdown,0
node,
eth,0
wcelo,
eth,0
cnz,
eth,0
chs,
eth,0
tpt,
eth,0
wanusdt,
wan,0
cpc,0
ecell,
eth,0
vx,0
bfi,
bnb,0
fscc,
eth,0
me,
eth,0
mgp,0
golduck,
bnb,0
auscm,
eth,0
poodl,
eth,0
topc,
eth,0
bafe,
bnb,0
tai,
trx,0
julb,
bnb,0
bscs,
bnb,0
sdx,0
sg,
eth,0
gusdt,
eth,0
bkbt,
eth,0
bup,
eth,0
cvnt,
eth,0
vai,
eth,0
btcv,0
zdex,
eth,0
arte,
eth,0
tcake,
bnb,0
hungry,
bnb,0
xlmdown,0
bchbull,
eth,0
hodl,
bnb,0
inv,
eth,0
bcx,0
wcres,
eth,0
zig,
eth,0
jfi,
trx,0
gains,
eth,0
bid,
eth,0
xblzd,
bnb,0
pit,
bnb,0
edc,
eth,0
jasmy,
eth,0
dvi,
eth,0
wbx,
eth,0
fnk,
eth,0
bst,
eth,0
cca,0
bnbbull,
eth,0
nfi,
bnb,0
superbid,
eth,0
womi,
eth,0
rmoon,
bnb,0
hopr,0
mcb,
eth,0
octa,
bnb,0
dc,0
ufc,
eth,0
start,
bnb,0
fildown,0
tara,0
wsote,
bnb,0
dxd,
eth,0
bles,
eth,0
bec,0
jbx,
eth,0
pig,
bnb,0
poocoin,
bnb,0
momo,
bnb,0
mbx,0
si,
eth,0
ngm,0
bkk,
eth,0
cnfi,
eth,0
payt,
eth,0
acs,
bnb,0
mdx,
eth,0
ubu,
eth,0
cub,
bnb,0
gbpu,
eth,0
skey,
eth,0
chow,
eth,0
can,
ht,0
vidyx,
trx,0
star,0
bca,
eth,0
lar,
eth,0
sale,
eth,0
tcfx,
eth,0
papel,
bnb,0
woop,
bnb,0
shdc,
trx,0
varc,
eth,0
itam,0
adel,
eth,0
pdo,
bnb,0
sat,
bnb,0
,
eth,0
name,
eth,0
dvg,
eth,0
rx,
bnb,0
bid,
eth,0
euru,
eth,0
spdr,
eth,0
chain,
eth,0
ncat,
bnb,0
b20,
eth,0
lpl,
eth,0
xuc,
eth,0
dxh,
eth,0
wgrt,0
axn,
eth,0
vancat,
bnb,0
dgcl,
eth,0
yfiii,
eth,0
token,
eth,0
vbnt,
eth,0
vxv,
eth,0
premia,
eth,0
arnxm,
eth,0
pbtc35a,
eth,0
con,
eth,0
jus,
eth,0
byn,
eth,0
tools,
bnb,0
dis,
eth,0
pie,
eth,0
sup,0
lst,
eth,0
usdu,
eth,0
cliq,
eth,0
ehrt,0
buy,
eth,0
bdcc,
eth,0
val,
eth,0
bas,
eth,0
eqz,
eth,0
czrx,
eth,0
cofi,
eth,0
kyte,
eth,0
safestar,
bnb,0
yam,
eth,0
bts,
bnb,0
dxf,
eth,0
bask,0
sta,
eth,0
pofi,
bnb,0
govi,
eth,0
zusd,
eth,0
ubxt,
eth,0
trdg,
bnb,0
ox,
bnb,0
nux,
eth,0
alpa,
eth,0
sushibull,0
xgg,
eth,0
revo,
bnb,0
pasta,
bnb,0
xbe,
eth,0
ethbear,
bnb,0
mrch,
eth,0
dogira,
eth,0
daily,
bnb,0
wasabi,
eth,0
dappt,
eth,0
mts,
eth,0
chord,
bnb,0
sdfi,
bnb,0
par,
eth,0
bks,0
bt,
eth,0
onx,
eth,0
riskmoon,
bnb,0
oro,
eth,0
ycc,
eth,0
carom,
bnb,0
mveda,
eth,0
cyc,
bnb,0
tsr,
eth,0
pyr,
eth,0
fly,
eth,0
bvnd,
bnb,0
hogl,
bnb,0
mt,
eth,0
kbtc,
eth,0
eosbear,
bnb,0
eidos,
eos,0
raku,
eth,0
pando,
eth,0
qi,0
cfxq,
eth,0
cook,
eth,0
xrpbear,
bnb,0
daofi,
eth,0
dws,
eth,0
cbat,
eth,0
a5t,
eth,0
xbn,
bnb,0
mina,0
ant,
bnb,0
fit,
eth,0
jntr,
bnb,0
blx,
eth,0
kif,
eth,0
shft,
eth,0
gogo,
eth,0
las,
eth,0
zyro,
eth,0
loon,0
wenmoon,
bnb,0
dfsocial,
eth,0
bln,0
qrx,
eth,0
ccake,
bnb,0
deus,
eth,0
mars,
eth,0
maticbull,
eth,0
dfd,
eth,0
banana,0
hfi,
ht,0
fsafe,
bnb,0
index,
eth,0
alia,
bnb,0
mndao,
bnb,0
dft,
ht,0
fc,0
bfly,
eth,0
dft,
eth,0
ltcbull,
eth,0
rvp,
eth,0
pway,
eth,0
usf,
eth,0
erowan,
eth,0
bqt,
eth,0
rvf,
eth,0
npxs,
eth,0
pngn,
eth,0
fmg,
eth,0
sovi,
ht,0
prvs,
eth,0
tcr,0
bcmc1,
eth,0
gmee,
eth,0
peth18c,
eth,0
atp,0
swfl,
eth,0
mxt,
eth,0
many,
bnb,0
up,0
unn,
eth,0
bitt,
eth,0
bloc,
eth,0
algobull,
eth,0
bamboo,
eth,0
roc,0
ddos,
eth,0
munch,
eth,0
revo,
bnb,0
unl,
eth,0
mql,
eth,0
mdao,
bnb,0
btsucn,0
ucap,
eth,0
rak,
eth,0
l3p,
eth,0
bchbear,
eth,0
light,
bnb,0
nmx,
bnb,0
froge,
eth,0
fl,
eth,0
bog,
bnb,0
reap,0
llt,
bnb,0
eurxb,
eth,0
zusd,
eth,0
b360,0
credit,
eth,0
midbull,
eth,0
fxt,
eth,0
xeq,0
aapx,
eth,0
seco,
sol,0
degen,
eth,0
ucm,0
mtr,0
dextf,
eth,0
xmark,
eth,0
dexm,
eth,0
ght,
eth,0
afc,
eth,0
cl,
eth,0
wis,
eth,0
dapp,0
key,
eth,0
polar,
bnb,0
yax,
eth,0
hzt,
eth,0
power,
eth,0
gspi,
bnb,0
dea,
eth,0
str,
eth,0
oxb,
bnb,0
mpt,
eth,0
plut,
eth,0
hdac,0
stop,
eth,0
min,
eth,0
dwz,
eth,0
dexg,
eth,0
mxw,0
yeld,
eth,0
ethix,
eth,0
bank,0
pteria,
eth,0
tsla,
eth,0
elx,
eth,0
ppdex,
eth,0
uncl,
eth,0
efk,
eth,0
gyen,
eth,0
bdt,
eth,0
lemo,
eth,0
ten,
eth,0
dmt,0
unidx,
eth,0
fire,
eth,0
agov,
eth,0
mochi,
bnb,0
mswap,
eth,0
b21,
bnb,0
c20,
eth,0
attn,
eth,0
gdao,
eth,0
klt,
bnb,0
ork,
bnb,0
dctd,
eth,0
swirl,
bnb,0
cavo,
eth,0
l2p,
eth,0
wanusdc,
wan,0
coll,
eth,0
ea,0
tok,
eth,0
lbxc,
eth,0
euler,
bnb,0
soge,
eth,0
gbk,
eth,0
tft,
eth,0
con,
ht,0
fuel,
bnb,0
cring,0
dmc,
ht,0
tndr,
bnb,0
mora,
eth,0
hpy,0
bpx,
eth,0
nds,
eth,0
roz,
eth,0
spa,
eth,0
bots,
eth,0
bsvbull,
eth,0
ndau,0
arth,
eth,0
pdao,
bnb,0
blowf,
bnb,0
xpo,
bnb,0
earnx,
bnb,0
dank,
eth,0
iic,
eth,0
mgoogl,
eth,0
mttcoin,0
exen,
eth,0
uc,
eth,0
zuz,
eth,0
xt,
eth,0
dart,
bnb,0
mogx,
eth,0
klp,0
bcnt,
eth,0
artx,
eth,0
tbtc,
eth,0
bse,
eth,0
mds,
bnb,0
ktt,
eth,0
btsg,
eth,0
dt,0
ctc,0
sfuel,
bnb,0
tube,0
ift,
eth,0
xqc,
eth,0
ich,
eth,0
egcc,
eth,0
yfim,
eth,0
rupee,
bnb,0
rocks,
eth,0
well,
eth,0
mimo,
ht,0
dusd,
eth,0
zefi,
bnb,0
cbsn,
eth,0
jnb,
eth,0
ramen,
bnb,0
pci,0
buidl,
eth,0
gix,
eth,0
bsp,
eth,0
mdu,0
bnox,
eth,0
keyt,
eth,0
vntw,
eth,0
slnv2,
ht,0
lava,
ht,0
lud,
eth,0
dip,0
renfil,
eth,0
exf,
bnb,0
tbcc,
eth,0
mvi,
eth,0
xdai,0
cap,
eth,0
co2b,
eth,0
mdo,
bnb,0
bxa,
eth,0
fshn,0
polven,0
rel,
eth,0
1st,
eth,0
defit,
eth,0
don,
iost,0
blue,
bnb,0
wheat,
bnb,0
satoz,
bnb,0
nawa,
eth,0
but,
eth,0
pint,
eth,0
fx1,
eth,0
climb,
bnb,0
hbo,
ht,0
she,
eth,0
whirl,
bnb,0
bns,
eth,0
lcms,
eth,0
snbl,
bnb,0
yamv2,
eth,0
mco2,
eth,0
chft,
eth,0
jdc,0
fra,0
jfc,
eth,0
n0001,
eth,0
dic,0
fmt,
eth,0
bu,0
atombull,
eth,0
ldn,
eth,0
eye,
eth,0
koin,
eth,0
gofi,
bnb,0
fn,0
world,0
cbp,
eth,0
ket,
bnb,0
yfd,
eth,0
atd,
eth,0
clt,
eth,0
dili,
eth,0
refi,
bnb,0
meet,
eth,0
tem,0
waxe,
eth,0
ibeth,
eth,0
quam,
bnb,0
bifi,0
dip,
eth,0
dgvc,
eth,0
strike,
bnb,0
bullshit,
eth,0
kip,
eth,0
renzec,
eth,0
hugo,
bnb,0
lem,
bnb,0
sashimi,
eth,0
emtrg,
eth,0
rel,
eth,0
xtzbull,
eth,0
pho,
bnb,0
yni,
eth,0
font,
eth,0
bsbt,
eth,0
arx,
eth,0
hapy,0
perx,
eth,0
chik,
bnb,0
ethbn,
eth,0
ubtc,0
wccx,
eth,0
ize,
eth,0
earn,
bnb,0
zwap,0
pc,
eth,0
tos,
eth,0
far,0
kangal,
eth,0
creth2,
eth,0
etm,
eth,0
ptd,0
btd,
bnb,0
etnxp,0
bskt,
eth,0
bone,
eth,0
oap,
eth,0
dfx,
bnb,0
grumpy,
eth,0
yfiag,
eth,0
bito,
eth,0
kili,
bnb,0
xag,0
mute,
eth,0
cir,0
gold,
eth,0
etgf,
eth,0
tlb,
eth,0
tiger,
bnb,0
gysr,
eth,0
acxt,
eth,0
tsla,0
altbull,
eth,0
long,0
tv,0
trxbear,
eth,0
safep,
bnb,0
algobear,
eth,0
rvx,0
must,
eth,0
crx,
bnb,0
quai,
eth,0
tap,
eth,0
ggtk,
eth,0
rare,
eth,0
acoin,
eth,0
ltk,0
fff,
eth,0
axi,
eth,0
kian,
bnb,0
dsys,
eth,0
raini,
eth,0
vollar,0
uat,
eth,0
build,
eth,0
gsmt,
eth,0
bcvt,
eth,0
dft,
eth,0
xsushi,
eth,0
jsb,
trx,0
space,
bnb,0
cyf,
eth,0
jem,
eth,0
feclipse,
bnb,0
axia,
eth,0
ult,
eth,0
edu,
eth,0
war,
eth,0
mntis,0
frmx,
eth,0
naut,
bnb,0
brick,
bnb,0
jt,
eth,0
fox,
eth,0
drgb,
eth,0
gme,0
vrgx,
eth,0
cc10,
eth,0
deve,
eth,0
sata,
eth,0
obr,
eth,0
cwbtc,
eth,0
bdog,
eth,0
swop,0
yui,
eth,0
ani,
bnb,0
satx,
eth,0
cbt,
eth,0
dgn,
bnb,0
bafi,
bnb,0
ume,
trx,0
xcf,
eth,0
pmp,
bnb,0
ghd,
eth,0
stack,
eth,0
fomp,
eth,0
tkmn,
eth,0
ram,
eth,0
linkbear,
eth,0
safecom,
bnb,0
bixb,0
corn,
trx,0
vkf,0
gldy,
eth,0
pbom,
bnb,0
luck,
ht,0
mis,
eth,0
satvg,
bnb,0
chex,0
nebo,
eth,0
szc,
eth,0
kek,
eth,0
bcr,0
glox,
eth,0
goat,
bnb,0
lvx,
eth,0
trust,
bnb,0
deflct,
eth,0
mofi,
eth,0
kp3rb,
bnb,0
hps,
bnb,0
wec,0
bdt,
eth,0
gnc,0
edda,
eth,0
rich,
bnb,0
nbu,
eth,0
hybn,
eth,0
coin,0
jwl,
eth,0
ogc,
bnb,0
ubu,
bnb,0
marsm,
bnb,0
xaut,
eth,0
ntb,
eth,0
kva,0
cpi,
eth,0
ido,
bnb,0
hedge,
eth,0
yot,
eth,0
feta,
bnb,0
dove,
bnb,0
usdp,
eth,0
airx,
eth,0
cix100,
eth,0
its,
eth,0
ths,
eth,0
propel,
bnb,0
yefim,
eth,0
sbtc,0
lcg,
eth,0
dns,
eth,0
mm,
eth,0
bta,
bnb,0
drgnbull,
eth,0
joys,0
rsv,
eth,0
bsd,
eth,0
scat,
eth,0
ica,
bnb,0
kind,
bnb,0
karma,
eth,0
konj,0
bund,
eth,0
bnsd,
eth,0
idx,0
cadc,
eth,0
tmt,
eth,0
wscrt,
eth,0
tao,
bnb,0
whl,
eth,0
portal,
eth,0
fch,0
comb,0
esti,0
agrs,
eth,0
lby,0
poc,0
iqq,
eth,0
hve2,
eth,0
gzil,0
ltcbear,
eth,0
ztnz,
trx,0
xdex,
eth,0
ehash,
eth,0
focv,
eth,0
vrap,
bnb,0
kgc,
eth,0
slm,
eth,0
mcrn,
bnb,0
xdag,0
aloha,
eth,0
bitsz,0
whx,
trx,0
yld,
eth,0
rap,
eth,0
foto,
eth,0
tomobull,
eth,0
cspc,0
ypie,
eth,0
xgt,
stake,0
zck,
eth,0
plg,
bnb,0
pry,
eth,0
try,
eth,0
delta,
eth,0
cue,
bnb,0
ltp,0
cft,
eth,0
mm,
eth,0
scho,0
,
eth,0
catx,
eth,0
taco,
eth,0
sst,
eth,0
dswap,
eth,0
ec2,
eth,0
spok,0
1gold,
eth,0
yfox,
eth,0
gst,0
btchg,
eth,0
crt,
trx,0
yce,0
xcp,0
fairmoon,
bnb,0
mini,
eth,0
unw,0
tango,
eth,0
bcaps,
bnb,0
dsd,
eth,0
pigx,
eth,0
kong,
eth,0
gpt,0
nnb,
eth,0
nami,
eth,0
pnix,
bnb,0
nia,
eth,0
gfarm2,
eth,0
punk,
eth,0
gc,
eth,0
bag,
eth,0
dfio,
eth,0
yfmb,
eth,0
atombear,
eth,0
medi,0
uba,
eth,0
ons,
eth,0
deva,
eth,0
puml,0
etcbull,
eth,0
ymax,
eth,0
geth,
eth,0
xrge,
eth,0
lina,
eth,0
vvt,
eth,0
utu,0
mss,
bnb,0
ccake,
eth,0
btap,
eth,0
spice,0
dyt,
eth,0
adabear,
eth,0
seth,
eth,0
googl,0
char,
bnb,0
rage,
eth,0
xtzbear,
eth,0
nbr,0
dogz,
eth,0
yt,
eth,0
vd,0
pizza,
bnb,0
surf,
eth,0
mph,
eth,0
bnz,
eth,0
ctf,
bnb,0
slme,
bnb,0
mayp,
eth,0
deor,
eth,0
limit,
eth,0
xra,
eth,0
ocb,
eth,0
onc,
eth,0
aapl,0
hbdc,
eth,0
mero,
bnb,0
twi,
eth,0
f1c,
eth,0
yas,
eos,0
neww,
bnb,0
brn,
bnb,0
mgc,
eth,0
chs,
bnb,0
undg,
eth,0
akn,0
waneos,
wan,0
carr,
eth,0
ylfi,
eth,0
ec,
bnb,0
yffi,
eth,0
yfix,
eth,0
kp2r,
eth,0
arcc,0
vbswap,
bnb,0
paper,
eth,0
lnt,
eth,0
gse,
eth,0
kiwi,
bnb,0
ifex,
eth,0
giv,
bnb,0
lid,
eth,0
uno,0
vbzrx,
eth,0
hbt,
eth,0
intx,
eth,0
rwn,0
808ta,
eth,0
bcp,
eth,0
liquid,
eth,0
hrd,
eth,0
oct,
bnb,0
otb,
eth,0
mega,
eth,0
rit20,
eth,0
bvl,
eth,0
bsds,
eth,0
lmch,
eth,0
gve,
eth,0
fry,
eth,0
metric,
eth,0
niu,
bnb,0
minty,
eth,0
spice,
eth,0
pal,
trx,0
salt,
bnb,0
unifi,
eth,0
cent,
eth,0
dotx,
eth,0
nan,
eth,0
newos,
eth,0
uted,
trx,0
hub,
eth,0
ggt,0
fb,0
voice,
eth,0
stoge,
eth,0
ones,
eth,0
qhc,
eth,0
nec,
eth,0
simple,0
bkkg,
eth,0
ptm,
eth,0
stkr,
eth,0
ape,
bnb,0
bux,0
moon,
bnb,0
tuda,
eth,0
maz,0
mello,0
keyfi,
eth,0
sushibear,0
cash,0
mwbtc,
eth,0
gasp,0
groot,
bnb,0
crow,
bnb,0
bali,
eth,0
vinci,
eth,0
mis,
eth,0
mex,
eth,0
xns,
eth,0
foxd,0
4art,
eth,0
ldfi,
eth,0
exrt,
eth,0
gaze,
eth,0
mp4,
eth,0
wleo,
eth,0
mrs,
eth,0
libref,
eth,0
wqt,
eth,0
cvt,
eth,0
tern,
eth,0
asp,0
ecte,
eth,0
fls,0
wenr,
eth,0
root,
eth,0
oak,
bnb,0
loa,
eth,0
coral,0
gadoshi,
bnb,0
bnbbear,
eth,0
xin,0
pfid,
eth,0
sdt,0
bbc,
eth,0
oil,
bnb,0
luxo,
eth,0
aens,
eth,0
ix,
eth,0
cxc,0
yfbtc,
eth,0
yfpi,
eth,0
kau,
eth,0
cap,0
sact,
bnb,0
stacy,
eth,0
acc,
eos,0
b26,
eth,0
polt,0
bsvbear,
eth,0
espro,
eth,0
nyan,
eth,0
r34p,
eth,0
aib,0
ce,
eth,0
shrmp,
bnb,0
steth,
eth,0
utnp,
eth,0
r3fi,
eth,0
uct,
eth,0
ndn,
eth,0
usdfl,
eth,0
flo,
bnb,0
fai,
eth,0
nyan,
eth,0
wxmr,
eth,0
mwg,
eth,0
yok,
eth,0
sup8eme,
eth,0
cnx,
eth,0
usdl,
eth,0
komet,
eth,0
spore,
bnb,0
tune,
eth,0
fit,
trx,0
tbb,
eth,0
glc,0
asi,
eth,0
pqt,0
tbt,
eth,0
d100,
bnb,0
vlt,
eth,0
bvol,
eth,0
minds,
eth,0
slv,
bnb,0
soul,
bnb,0
xvix,
eth,0
ryiu,
bnb,0
oks,
trx,0
city,0
yfs,
eth,0
degens,
eth,0
redi,
eth,0
mcdc,
eth,0
octi,
bnb,0
esrc,0
ioex,0
bspay,
bnb,0
mtf,
bnb,0
bcdn,
eth,0
diesel,
bnb,0
mstr,0
dxc,0
n3rdz,
eth,0
wbind,
eth,0
chm,
eth,0
hland,
eth,0
crs,
eth,0
viking,
bnb,0
ode,
eth,0
pwc,
eth,0
fbt,
eth,0
berry,
eth,0
vision,
eth,0
swag,
eth,0
aur,0
yfte,
eth,0
ghx,
eth,0
ciphc,
eth,0
yffs,
eth,0
xpb,
eth,0
taco,
bnb,0
tlw,
eth,0
agar,
eth,0
uniusd,
eth,0
yup,
eth,0
tme,
eth,0
uwl,
eth,0
btmxbull,
eth,0
dj15,
eth,0
arcona,
eth,0
efar,
eth,0
777,0
kfc,
eth,0
stp,
eth,0
bfi,
eth,0
hpay,
eth,0
eft,
trx,0
alg,
eth,0
vbk,0
kodx,
trx,0
kimochi,
bnb,0
basi,
bnb,0
vro,
eth,0
xpt,
eth,0
cct,
eth,0
orcl5,
eth,0
psi,
eth,0
camp,
eth,0
gbx,0
sgt,
eth,0
bulls,0
ami,
eth,0
libfx,
eth,0
yvault,
eth,0
blfi,
eth,0
ypanda,
bnb,0
degov,
eth,0
debase,
eth,0
ddrt,0
smoke,
bnb,0
nlc2,0
blink,
bnb,0
enol,
eth,0
idall,
eth,0
fdr,0
mtc,0
pyx,
bnb,0
robo,
eth,0
uop,
eth,0
ovoa,
eth,0
ace,
eos,0
gom,
eth,0
pis,
eth,0
pfi,
eth,0
nana,
bnb,0
imbtc,
eth,0
avs,
eth,0
war,
eth,0
xep,0
msc,
bnb,0
mango,
bnb,0
bnp,
eth,0
ethhedge,
eth,0
tern,0
plbt,
eth,0
bull,0
senpai,
eth,0
dailys,
bnb,0
cyfm,
eth,0
sop,
eth,0
ain,
eth,0
gtx,
eth,0
wdc,0
bnfy,
bnb,0
yfdot,
eth,0
isal,
eth,0
ibp,
eth,0
mp3,
eth,0
hebe,0
ybear,
bnb,0
trop,
eth,0
emt,
eos,0
bsj,
eth,0
wdp,
eth,0
pepr,
bnb,0
mee,
eth,0
crl,
bnb,0
spiz,
eth,0
dice,
eth,0
sefi,
eth,0
co2,
eth,0
fma,
eth,0
sx,
eth,0
idl,
eth,0
xlpg,0
carat,
eth,0
neu,
eth,0
bucc,
eth,0
imo,
bnb,0
psl,0
tgic,0
arro,
eth,0
aplp,
eth,0
wzec,
eth,0
lol,
eth,0
colx,0
yam,
eth,0
levelg,0
dsl,
bnb,0
fsxu,
bnb,0
trnd,
eth,0
sls,0
unii,
eth,0
c2o,
eth,0
pxt,
eth,0
taco,
eth,0
hbd,0
flex,
eth,0
sam,
eth,0
modex,
eth,0
umbr,
eth,0
wansushi,
wan,0
qbx,
eth,0
xautbull,
eth,0
amc,0
can,
bnb,0
black,
eos,0
defi,
eth,0
dice,
eos,0
gkimchi,
eth,0
ptn,
eth,0
sqrt,
eth,0
vancii,
bnb,0
sphr,0
fme,
eth,0
gbtc,0
rank,
trx,0
ysr,0
wanuni,
wan,0
ski,
eth,0
wing,
eth,0
ak12,
neo,0
haze,
bnb,0
yft,
eth,0
force,
eth,0
swiss,
eth,0
fries,
bnb,0
haus,
eth,0
tosc,
eth,0
ufo,0
hp,
eth,0
magi,
bnb,0
ifund,
eth,0
bsc,
eth,0
ba,0
sergs,
eth,0
mandi,
eth,0
xnode,0
poke,
bnb,0
vlad,
bnb,0
nio,0
yeti,
eth,0
vndc,
bnb,0
kim,0
cce,0
ape,
eth,0
gst,
bnb,0
bos,
eos,0
zom,
eth,0
trib,
eth,0
lf,
eth,0
nyc,0
fridge,
bnb,0
hue,
eth,0
shd,
eth,0
btx,0
entone,
eth,0
party,
eth,0
ecoc,0
biut,0
ziot,
eth,0
lkn,
eth,0
vdx,
bnb,0
vmr,
eth,0
okbbull,
eth,0
shd,
eth,0
hitx,
trx,0
juice,
eth,0
qfi,
eth,0
glob,
eth,0
cgt,
eth,0
cure,
eth,0
bpop,
eth,0
husky,0
csm,
eth,0
bid,0
jmc,0
gm,0
tsm,0
when,
eth,0
3cs,
eth,0
ucr,0
daft,
bnb,0
scv,
eth,0
zipt,
eth,0
cpay,
trx,0
bcu,
bnb,0
comos,
bnb,0
mla,
bnb,0
prdz,
eth,0
bbc,0
unit,
bnb,0
emrals,0
mars,0
webn,
eth,0
fat,
bnb,0
thor,
bnb,0
50x,
eth,0
xfund,0
gc,
eth,0
trat,
eth,0
tco,
eth,0
xfi,
eth,0
toshi,
eth,0
assy,
eth,0
stonk,
eth,0
mxf,
bnb,0
banana,
bnb,0
dets,
eth,0
baepay,
eth,0
dfgl,
eth,0
pta,0
veo,0
mps,
eth,0
water,
bnb,0
abet,0
bqtx,
eth,0
ttc,
trx,0
arkk,0
dcy,0
delta,
eth,0
sch,0
bbgc,
eth,0
mcp,
eth,0
eox,
trx,0
iown,
eth,0
ganja,
bnb,0
spore,
eth,0
yfw,
eth,0
can,
eth,0
sav3,
eth,0
smdx,
eth,0
em,0
psy,
bnb,0
nflx,0
smol,
eth,0
gya,
bnb,0
rpt,
eth,0
wpx,
eth,0
htbull,
eth,0
phoon,
eth,0
tat,
eth,0
smbswap,
eth,0
stzen,
eth,0
lucy,0
amzn,0
torj,
bnb,0
meth,
eth,0
cdex,0
dogdefi,
eth,0
cofe,
bnb,0
mic,
eth,0
tsla,0
ibvol,
eth,0
cla,
eth,0
yfie,0
dpt,
eth,0
dss,
eth,0
ngc,
eth,0
sprk,
eth,0
crex,0
spank,
eth,0
lsv,
eth,0
awg,
eth,0
hta,0
sq,0
ggc,
eth,0
bono,0
prqboost,
eth,0
rick,0
soju,
bnb,0
rle,
trx,0
wanlink,
wan,0
ode,
eth,0
yea,
eth,0
yfn,
eth,0
ipm,
eth,0
bet,
eos,0
yfis,
eth,0
bpp,
eth,0
crep,
eth,0
qoob,0
mbtc,
eth,0
hp,
eth,0
mork,
eth,0
nut,
eos,0
bhig,
eth,0
kpc,
bnb,0
orc,
eth,0
rift,
eth,0
deep,
eth,0
dena,
eth,0
ken,
eth,0
ecoin,0
jpyc,
eth,0
tri,
eth,0
yfia,
eth,0
pfi,0
ryip,
eth,0
awx,
eth,0
gr,
eth,0
yplt,
eth,0
uhp,
eth,0
bicas,
eth,0
yep,0
tep,
eth,0
clout,
eth,0
bxk,
eth,0
alias,0
dragon,
bnb,0
xdef2,
eth,0
qac,0
skc,
eth,0
wsf,
eth,0
handy,
eth,0
usdb,
eth,0
blvr,
eth,0
tmn,
neo,0
ecc,0
moonday,
eth,0
zhegic,
eth,0
eca,0
nton,
eth,0
abs,
eth,0
scc,
eth,0
eds,
neo,0
vany,
eth,0
sports,0
dvs,0
zom,
eth,0
sox,
eth,0
googl,0
punk,0
cre,
eth,0
etcbear,
eth,0
bna,
eth,0
bplc,
eth,0
tfd,0
nflx,0
deq,0
lyr,0
naruto2,
bnb,0
nbtc,0
dun,0
fors,
eth,0
use,
eth,0
ucx,
eth,0
ddr,0
fr,
eth,0
hxn,
eth,0
sprink,
eth,0
dcl,0
bmch,
bnb,0
dfx,
eth,0
utt,
eth,0
scu,
eth,0
ns,0
dna,
eth,0
ynk,
eth,0
lbd,
eth,0
mch,
eth,0
basx,
eth,0
coil,
eth,0
yfp,
eth,0
dmme,
eth,0
opnn,
eth,0
brzx,
eth,0
esk,0
hub,
eth,0
vsn,
eth,0
zoc,0
mcn,
eth,0
mythic,
bnb,0
vsd,
eth,0
xla,0
limex,
eth,0
bee,
ht,0
dragon,
trx,0
gasg,
eth,0
opm,
eth,0
fsc,0
nar,
bnb,0
prdx,
eth,0
bbp,
eth,0
defo,
eth,0
efg,0
bchc,
eth,0
bcna,0
a2a,
eth,0
yape,
bnb,0
pla,
eth,0
gxt,
eth,0
acpt,
eth,0
shift,0
prophet,
eth,0
rox,
eth,0
asy,
eth,0
newton,
eth,0
rpepe,
eth,0
baba,0
psix,0
gcx,
eth,0
mfb,
eth,0
amzn,0
sofi,
eth,0
xmm,
eth,0
craft,
eth,0
wiki,
eth,0
btnyx,
eth,0
nvda,0
ext,
neo,0
alh,
eth,0
desh,
eth,0
ufo,0
bst,0
eoc,
eth,0
ntk,
eth,0
etnx,0
yfid,
eth,0
mdm,
eth,0
midas,0
vlu,0
alg,0
upt,
eth,0
lkk,0
dms,0
bak,
eth,0
aapl,0
yyfi,
eth,0
pure,
eth,0
iten,
eth,0
pfe,0
swprl,
bnb,0
chl,0
dpc,
trx,0
idh,
eth,0
7e,
eth,0
zyx,0
ecos,0
taxi,0
top,
eth,0
komp,
eth,0
ank,
eth,0
dfr,
eth,0
nst,
eth,0
xspc,0
dvt,0
acu,
eth,0
mag,
eth,0
chop,
eth,0
celc,
eth,0
cmit,
eth,0
soc,
eth,0
kmw,0
gtf,
eth,0
bili,0
sal,
trx,0
cord,
bnb,0
gvy,
eth,0
fb,0
ttn,
eth,0
tusc,0
cust,
eth,0
stv,
eth,0
baba,0
encx,
eth,0
lib,
eth,0
bff,
eth,0
urac,
eth,0
myx,
eth,0
mkcy,0
yfuel,
eth,0
wtf,
eth,0
myfi,
eth,0
exor,0
dfo,
eth,0
cxn,
eth,0
amd,0
hndc,0
btcv,0
fch,0
nva,
eth,0
sense,
eos,0
abnb,0
bntx,0
evc,0
usdx,
eth,0
bynd,0
pcn,0
uber,0
zur,0
nzo,
eth,0
voltz,
eth,0
yfb2,
eth,0
zai,
eth,0
plus1,0
ct,
bnb,0
thx,
eth,0
aet,
eth,0
jdb,
eth,0
codeo,
eth,0
vida,
eth,0
rm,
eth,0
bdcash,0
vers,0
flash,0
i9c,
eth,0
yfbeta,
eth,0
tst,
eth,0
stxem,
eth,0
lad,
eth,0
iov,
eth,0
xtrm,0
hca,0
adao,
eth,0
pbs,
bnb,0
ank,
trx,0
qbz,
eth,0
sgc,
eth,0
b1p,
eth,0
zlp,
eth,0
bynd,0
xfyi,
eth,0
scsx,0
sora,0
nilu,0
goldr,
eth,0
hgh,
eth,0
love,0
merci,0
ors,
eth,0
ddam,
eth,0
imt,
eth,0
bntx,0
agvc,
eth,0
fxp,
eth,0
wayf,0
aunit,0
bcz,
eth,0
spkl,
trx,0
btct,
eth,0
shx,0
sfr,
eth,0
pxc,
eth,0
vn,
trx,0
odex,
eth,0
wix,
eth,0
noiz,
eth,0
xor,0
evr,
eth,0
vcco,0
eurx,
eth,0
stamp,
eth,0
p2p,
eth,0
usdq,
eth,0
tknt,
eth,0
yfi3,
eth,0
sym,
eth,0
ros,0
soul,
eth,0
doos,
eth,0
orbyt,0
mlgc,
eth,0
proud,0
azzr,0
trism,
eth,0
don,
eth,0
sno,0
fto,0
sbe,0
bear,0
btrl,
eth,0
vera,
bnb,0
rbbt,0
cbucks,
eth,0
rby,0
iflt,0
xxa,0
club,0
send,0
kbc,
eth,0
wdc,0
hbn,0
mint,0
clam,0
xqn,0
bub,0
axiom,0
av,0
frn,0
aces,0
mavro,0
blazr,0
adl,
eth,0
mcc,0
msd,0
hbt,
eth,0
eons,0
cfun,0
moac,0
mvc,
eth,0
put,0
idxm,
eth,0
oc,0
vlc,
eth,0
j8t,
eth,0
coni,
eth,0
acdc,
eth,0
inb,
eth,0
obtc,
eth,0
kxc,
eth,0
yuki,
eth,0
tac,
eth,0
cen,
eth,0
at,
eth,0
gze,
eth,0
molk,
eth,0
ecoreal,
eth,0
trxc,
eth,0
dagt,
eth,0
rstr,0
wire,0
deex,0
dt,
eth,0
d4rk,0
medibit,
eth,0
bgg,
eth,0
osa,
eth,0
brc,0
fiii,0
rom,
eth,0
qusd,
eth,0
boltt,
eth,0
rc20,
eth,0
hlt,
eth,0
xtx,
eth,0
obx,
eth,0
bceo,
eth,0
duo,
eth,0
vjc,
eth,0
xlmg,0
atls,
eth,0
trp,
eth,0
neal,
eth,0
evc,
eth,0
yta,
eth,0
gex,
eth,0
skym,
eth,0
zdx,0
mtcn,
eth,0
xeno,
eth,0
ctt,
eth,0
hint,
eth,0
lot,
eth,0
bsov,
eth,0
btcx,
eth,0
kbot,
eth,0
xsc,0
vena,
trx,0
ln,0
fed,0
tch,
eth,0
prob,
eth,0
stk,
eth,0
sierra,0
cbc,
eth,0
gdc,
eth,0
cipx,
eth,0
tkx,
eth,0
ilk,
eth,0
qpy,
eth,0
node,
eth,0
nova,
eth,0
dsc,0
bxt,
eth,0
sbt,0
bitn,
eth,0
bnkr,
trx,0
xbg,0
seed,
trx,0
dmtc,
eth,0
mach,
eth,0
tdps,0
sgr,
eth,0
usda,
eth,0
axl,
eth,0
the,
eth,0
bcb,0
guap,0
hana,0
1ai,
eth,0
kam,
eth,0
fred,0
afrox,
eth,0
res,0
edi,
eth,0
kyf,0
xt,
eth,0
r2r,
eth,0
ktc,0
husl,
eth,0
lbk,
eth,0
csai,
eth,0
asac,
eth,0
twee,
eth,0
ssn,
eth,0
zch,0
eer,
eth,0
lrg,0
wlb,
eth,0
sapp,
eth,0
chg,0
mytv,
eth,0
btcr,
eth,0
cicx,0
wok,0
swzl,
bnb,0
mlr,
eth,0
pbtc,
eth,0
etf,
eth,0
metp,
eth,0
ff1,
eth,0
bkrw,
bnb,0
nzdx,
eth,0
tor,
eth,0
ezy,
eth,0
xen,
eth,0
bee,
eth,0
cbc,
trx,0
tarm,
eth,0
zcrt,
eth,0
vaip,
eth,0
ceth,
eth,0
cbet,
eth,0
xank,
eth,0
blood,
eth,0
eyes,
eth,0
qtv,0
mns,
eth,0
grt,
eth,0
btc,
eth,0
homt,
eth,0
ioox,
eth,0
atusd,
eth,0
aknc,0
alink,0
asnx,0
amkr,0
abat,
eth,0
abusd,0
adai,
eth,0
sada,
eth,0
bsy,
eth,0
mhlx,0
save,
eth,0
kub,
eth,0
trcl,
eth,0
nokn,0
ast,
eth,0
drm,
eth,0
nole,
trx,0
bpt,
eth,0
lvn,
eth,0
sdefi,
eth,0
sxag,
eth,0
kvnt,0
orc,
eth,0
ecu,
eth,0
col,
eth,0
aico,
eth,0
cbr,
eth,0
cub,
eth,0
zoom,
eth,0
rws,
eth,0
dos,0
unc,
eth,0
dsd,
eth,0
mov,
eth,0
pusd,0
pwrb,0
kash,
eth,0
mbc,
eth,0
cnyt,
eth,0
bwb,0
fex,
eth,0
dgmt,
eth,0
topb,
eth,0
kvi,
eth,0
ydai,
eth,0
888,
trx,0
mnr,
trx,0
asm,
eth,0
dogebear,
eth,0
maticbear,
eth,0
tomobear,
eth,0
dvx,
eth,0
eto,
eth,0
kysc,
eth,0
lps,
eth,0
chess,
eth,0
byte,
eth,0
chadlink,
eth,0
eth20smaco,
eth,0
ethmacoapy,
eth,0
ethemaapy,
eth,0
ethbtcrsi,
eth,0
linkethpa,
eth,0
ethpa,
eth,0
ethrsi6040,
eth,0
ethrsiapy,
eth,0
flexethbtc,
eth,0
intratio,
eth,0
linkethrsi,
eth,0
linkpt,
eth,0
wrc,
eth,0
ieth,
eth,0
slink,
eth,0
sxau,
eth,0
sxtz,
eth,0
ibtc,
eth,0
sbnb,
eth,0
dion,
eos,0
macpo,
eth,0
bty,0
dvs,
trx,0
tmed,
eth,0
xautbear,
eth,0
yft,
eth,0
zik,0
wsc,
eth,0
akm,
eth,0
egc,
eth,0
ppc,
eth,0
tch,
eth,0
torm,
eth,0
sheng,
eth,0
hl,0
dec,
trx,0
play,
trx,0
scc,0
avc,0
btsc,
eth,0
sbtc,
eth,0
dtop,
eth,0
dzar,
eth,0
dec,
eth,0
eswa,
eth,0
fnk,
eth,0
hibs,0
it,
eth,0
gpo,
eth,0
iqc,0
kal,0
lvh,
trx,0
dice,
trx,0
ald,
eth,0
uenc,
eth,0
rnx,
eth,0
frens,
eth,0
owl,
eth,0
,
eth,0
eqmt,
eth,0
trumpwin,
eth,0
svb,
eth,0
cherry,
eth,0
ang,
eth,0
xfuel,0
tob,
eth,0
scha,
eth,0
com,
eth,0
ftb,
eth,0
ethv,
eth,0
camo,
eth,0
kss,0
dacc2,
trx,0
loop,
trx,0
miks,
eth,0
orbi,
eth,0
digex,
eth,0
pox,
trx,0
ocp,0
blzn,
eth,0
wenb,
eth,0
vsn,0
pdf,
eth,0
qtbk,
eth,0
steel,
eth,0
ceds,
eth,0
fact,
eth,0
amz,0
got,
trx,0
corn,
eth,0
bast,
eth,0
semi,
eth,0
eps,
eth,0
yfib,
eth,0
uco,
eth,0
live,
trx,0
sss,
eth,0
yfa,
eth,0
jcc,
eth,0
frms,
eth,0
fsp,
eth,0
tcp,
eth,0
ffyi,
eth,0
yfiking,
eth,0
hbc,0
mafi,
eth,0
maki,
eth,0
yfi2,
eth,0
fhse,
eth,0
ala,
eth,0
nyb,
eth,0
obic,
eth,0
lock,
eth,0
on,
eth,0
vybe,
eth,0
ymen,
eth,0
yfka,
eth,0
trbt,
eth,0
ethpy,
eth,0
atis,
eth,0
bxiot,
eth,0
yfarmer,
eth,0
usdf,
eth,0
fame,
eth,0
hbc,
eth,0
vns,
eth,0
myfi,
eth,0
yfms,
eth,0
dgn,
eth,0
exp,
eth,0
rsp,0
hatch,
eth,0
xsp,0
posh,
eth,0
lnot,
eth,0
ri,
eth,0
fnsp,
eth,0
iyf,
eth,0
isdt,
eth,0
dcd,0
get,0
ich,0
uty,
eth,0
acu,0
dff,0
comb,
eth,0
swsh,
eth,0
yfiig,
eth,0
yland,
eth,0
tmc,0
ahf,
eth,0
yfe,
eth,0
pjm,
eth,0
yfiec,
eth,0
yfet,
eth,0
yf4,
eth,0
raux,
eth,0
zac,
eth,0
cytr,
eth,0
blv,
eth,0
defi,
eth,0
yfos,
eth,0
stpl,
eth,0
dark,
eth,0
owl,
eth,0
yfpro,
eth,0
dfip,
eth,0
defi,
eth,0
haut,
eth,0
cpx,0
jvz,0
thirm,
bnb,0
yfed,
eth,0
bfi,
bnb,0
pop,
eth,0
move,
eth,0
ttx,0
xmoon,
stake,0
tavitt,
eth,0
gmng,
eth,0
load,
eth,0
pshp,
eth,0
ssl,
eth,0
crp,
bnb,0
btcdom,0
ruc,
eth,0
bfc,
eth,0
yrise,
eth,0
dxiot,
eth,0
pusd,
eth,0
payou,
eth,0
pla,
eth,0
fwb,
eth,0
xat,
eth,0
yban,
eth,0
ubin,
eth,0
naz,
eth,0
yficg,
eth,0
bswap,
bnb,0
yfrm,
eth,0
lms,
eth,0
pxusd_mar2021,
eth,0
clbr,
eth,0
hd,
eth,0
bloody,
eth,0
wemix,0
hiz,
eth,0
gbcr,0
xdot,
eth,0
yeet,
eth,0
stfiro,
eth,0
smpl,
eth,0
blurt,0
lex,
trx,0
msb,
eth,0
zlot,
eth,0
bri,
eth,0
fla,
eth,0
teat,
eth,0
mti,
eth,0
7up,
bnb,0
pica,
eth,0
etlt,
eth,0
whole,
eth,0
lov,
eth,0
apl,
chz,0
fcd,
eth,0
xfii,
eth,0
svn,
trx,0
bst1,
eth,0
volts,
eth,0
knv,
eth,0
mvc,
eth,0
fcr,
eth,0
kun,
eth,0
qusd,
eth,0
xif,0
bmp,
eth,0
lct,
eth,0
tom,
eth,0
pola,
eth,0
unos,
eth,0
bsc,
bnb,0
lk3r,
eth,0
7add,
eth,0
tbp,
eth,0
lele,
eth,0
osb,0
allwin,
eth,0
bpt,
eth,0
pis,
eth,0
psk,
eth,0
punt,
eth,0
dgp,
eth,0
bili,0
mrna,0
pypl,0
wav3,
eth,0
elyx,
eth,0
spy,0
twtr,0
spy,0
pfe,0
sugar,0
grain,
eth,0
cnt,
eth,0
arvo,
eth,0
z502,
eth,0
mch,
eth,0
vxrp,
bnb,0
acx,
eth,0
vlo,
eth,0
hny,
stake,0
bnfi,
eth,0
nfup,
eth,0
,
eth,0
rfctr,
eth,0
rfr,
eth,0
adp,
eth,0
grpl,
eth,0
oft,
eth,0
3xt,
eth,0
cbank,
eth,0
dmx,
eth,0
drc,
eth,0
hype,
eth,0
zmt,
eth,0
bcc,
eth,0
bcs,
eth,0
spad,
eth,0
vfil,
bnb,0
vaultz,
eth,0
tronx,
trx,0
fcx,
eth,0
daiq,
eth,0
dstr,
eth,0
dst,
eth,0
pusd,
eth,0
pegs,
eth,0
yskf,
eth,0
cpu,
eth,0
zzzv2,
eth,0
xusd,
eth,0
xst,
eth,0
navi,0
ybo,0
bb,0
usdex,
eth,0
u8d,
eth,0
glad,
eth,0
xno,
eth,0
vbeth,
bnb,0
ele,
eth,0
wshift,
eth,0
,
eth,0
md,
eth,0
syfl,
eth,0
ot,0
defla,
eth,0
defi5,
eth,0
dfst,
eth,0
mct,
trx,0
bday,
bnb,0
nyan,
bnb,0
simba,
eth,0
fit,
eth,0
lpnt,
eth,0
mcbase,
bnb,0
dogy,0
our,
eth,0
toz,
eth,0
qtf,
eth,0
wtr,
bnb,0
wszo,
eth,0
cad,
eth,0
aenj,
eth,0
vknf,
eth,0
weather,
bnb,0
wanbtc,
wan,0
war,
bnb,0
bnky,
bnb,0
utl,
bnb,0
ain,
bnb,0
nftl,
bnb,0
heroes,
eth,0
celeb,
eth,0
dog,
bnb,0
nftp,
bnb,0
ntrc,
bnb,0
mvt,
eth,0
feb,0
bunny,
eth,0
all,0
stv,0
ibfk,
chz,0
nov,0
klon,
eth,0
pet,
bnb,0
mausdc,
matic,0
mausdt,
matic,0
maaave,
matic,0
mayfi,
matic,0
malink,
matic,0
wmatic,
matic,0
marko,
eth,0
wxdai,
stake,0
sats,0
bits,0
egt,
eth,0
wolf,
matic,0
mgb,
bnb,0
mmaon,
eth,0
pfl,0
syl,
bnb,0
btcbam,0
waf,
bnb,0
nftart,
bnb,0
shpp,0
rope,
sol,0
aquagoat,
bnb,0
ztb,0
baby,0
vada,
eth,0
vck,0
